platform,area,resource_type,category,description,severity_notes,config_location,cim_mapping,nist_800_53_au,windows_equivalent
Azure,Subscription Activity Log,Subscription,Administrative,"All create / update / delete / action operations performed via Azure Resource Manager, plus RBAC role assignment changes.",Critical,Monitor -> Activity log -> Export Activity Logs,Change,"AU-2, AU-3, AU-12",
Azure,Subscription Activity Log,Subscription,Security,Security-related events raised against the subscription (surfaced from Microsoft Defender for Cloud).,High,Monitor -> Activity log -> Export Activity Logs,,"AU-2, AU-3, AU-12",
Azure,Subscription Activity Log,Subscription,ServiceHealth,"Azure service incidents, planned maintenance, and health advisories affecting the subscription.",High,Monitor -> Activity log -> Export Activity Logs,,"AU-2, AU-3, AU-12",
Azure,Subscription Activity Log,Subscription,Alert,Azure Monitor alert rule firings.,Medium,Monitor -> Activity log -> Export Activity Logs,Alerts,"AU-2, AU-3, AU-12",
Azure,Subscription Activity Log,Subscription,Recommendation,Azure Advisor cost/security/reliability/performance recommendations.,Low,Monitor -> Activity log -> Export Activity Logs,,"AU-2, AU-3, AU-12",
Azure,Subscription Activity Log,Subscription,Policy,Azure Policy evaluations and compliance state changes.,High,Monitor -> Activity log -> Export Activity Logs,Change.Auditing_Changes,"AU-2, AU-3, AU-12",
Azure,Subscription Activity Log,Subscription,Autoscale,Autoscale scale-in / scale-out actions.,Medium,Monitor -> Activity log -> Export Activity Logs,,"AU-2, AU-3, AU-12",
Azure,Subscription Activity Log,Subscription,ResourceHealth,"Resource health status transitions (Available, Unavailable, Degraded, Unknown).",High,Monitor -> Activity log -> Export Activity Logs,,"AU-2, AU-3, AU-12",
Entra ID,Microsoft Entra ID,Tenant,AuditLogs,"Changes to users, groups, applications, roles, policies, and licenses across the directory.",Critical - Free+Premium,Entra admin center -> Monitoring & health -> Diagnostic settings,Change.Account_Management,"AU-2, AU-3, AU-12",
Entra ID,Microsoft Entra ID,Tenant,SignInLogs,Interactive user sign-ins.,Critical - Free+Premium,Entra admin center -> Monitoring & health -> Diagnostic settings,Authentication,"AU-2, AU-3, AU-12",4624
Entra ID,Microsoft Entra ID,Tenant,NonInteractiveUserSignInLogs,Non-interactive sign-ins -- background and silent token refreshes on behalf of a user.,High - Premium recommended,Entra admin center -> Monitoring & health -> Diagnostic settings,Authentication,"AU-2, AU-3, AU-12",
Entra ID,Microsoft Entra ID,Tenant,ServicePrincipalSignInLogs,"Application / service principal sign-ins (app-only authentication, no user present).",High - Premium recommended,Entra admin center -> Monitoring & health -> Diagnostic settings,Authentication,"AU-2, AU-3, AU-12",
Entra ID,Microsoft Entra ID,Tenant,ManagedIdentitySignInLogs,Managed identity token requests.,High - Premium recommended,Entra admin center -> Monitoring & health -> Diagnostic settings,Authentication,"AU-2, AU-3, AU-12",
Entra ID,Microsoft Entra ID,Tenant,ProvisioningLogs,User and group provisioning activity from connected HR systems and SCIM-based app provisioning.,Medium - P1/P2,Entra admin center -> Monitoring & health -> Diagnostic settings,Change.Account_Management,"AU-2, AU-3, AU-12",
Entra ID,Microsoft Entra ID,Tenant,ADFSSignInLogs,Active Directory Federation Services sign-ins (hybrid federated authentication).,Medium - Hybrid,Entra admin center -> Monitoring & health -> Diagnostic settings,Authentication,"AU-2, AU-3, AU-12",4624
Entra ID,Microsoft Entra ID,Tenant,RiskyUsers,Users flagged by Identity Protection as at elevated risk.,High - P2,Entra admin center -> Monitoring & health -> Diagnostic settings,,"AU-2, AU-3, AU-12",
Entra ID,Microsoft Entra ID,Tenant,RiskyServicePrincipals,Workload identities (service principals) flagged as risky.,High - P2,Entra admin center -> Monitoring & health -> Diagnostic settings,,"AU-2, AU-3, AU-12",
Entra ID,Microsoft Entra ID,Tenant,UserRiskEvents,"Detailed risk detections for users (leaked credentials, impossible travel, anomalous token, etc.).",High - P2,Entra admin center -> Monitoring & health -> Diagnostic settings,,"AU-2, AU-3, AU-12",
Entra ID,Microsoft Entra ID,Tenant,ServicePrincipalRiskEvents,Detailed risk detections for service principals.,High - P2,Entra admin center -> Monitoring & health -> Diagnostic settings,,"AU-2, AU-3, AU-12",
Entra ID,Microsoft Entra ID,Tenant,MicrosoftGraphActivityLogs,Every Microsoft Graph API call made against the tenant.,High - P1/P2 opt-in,Entra admin center -> Monitoring & health -> Diagnostic settings,,"AU-2, AU-3, AU-12",
Entra ID,Microsoft Entra ID,Tenant,CustomSecurityAttributeAuditLogs,Changes to custom security attributes assigned to directory objects.,Medium - requires Attribute Log Administrator role,Entra admin center -> Monitoring & health -> Diagnostic settings (Custom section),Change.Account_Management,"AU-2, AU-3, AU-12",
Azure,Azure Resource Logs,Microsoft.KeyVault/vaults,AuditEvent,"Key Vault audit events -- secret, key, and certificate data-plane operations.",Critical,Resource -> Monitoring -> Diagnostic settings,Change,"AU-2, AU-3, AU-12",
Azure,Azure Resource Logs,Microsoft.KeyVault/vaults,AzurePolicyEvaluationDetails,Azure Policy evaluation details for the vault.,Medium,Resource -> Monitoring -> Diagnostic settings,,"AU-2, AU-3, AU-12",
Azure,Azure Resource Logs,Microsoft.Storage/storageAccounts,StorageRead,"Read operations on blobs, files, queues, and tables.",High volume,Resource -> Monitoring -> Diagnostic settings,,"AU-2, AU-3, AU-12",
Azure,Azure Resource Logs,Microsoft.Storage/storageAccounts,StorageWrite,"Write operations on blobs, files, queues, and tables.",High volume,Resource -> Monitoring -> Diagnostic settings,,"AU-2, AU-3, AU-12",
Azure,Azure Resource Logs,Microsoft.Storage/storageAccounts,StorageDelete,"Delete operations on blobs, files, queues, and tables.",High volume,Resource -> Monitoring -> Diagnostic settings,,"AU-2, AU-3, AU-12",
Azure,Azure Resource Logs,Microsoft.Storage/storageAccounts,Transaction,Transaction metrics and details.,High volume,Resource -> Monitoring -> Diagnostic settings,,"AU-2, AU-3, AU-12",
Azure,Azure Resource Logs,Microsoft.Sql/servers/databases,SQLInsights,SQL performance and insight data.,High,Resource -> Monitoring -> Diagnostic settings,,"AU-2, AU-3, AU-12",
Azure,Azure Resource Logs,Microsoft.Sql/servers/databases,AutomaticTuning,Automatic tuning recommendations and actions.,Medium,Resource -> Monitoring -> Diagnostic settings,,"AU-2, AU-3, AU-12",
Azure,Azure Resource Logs,Microsoft.Sql/servers/databases,QueryStoreRuntimeStatistics,Query Store runtime statistics.,High,Resource -> Monitoring -> Diagnostic settings,,"AU-2, AU-3, AU-12",
Azure,Azure Resource Logs,Microsoft.Sql/servers/databases,QueryStoreWaitStatistics,Query Store wait statistics.,High,Resource -> Monitoring -> Diagnostic settings,,"AU-2, AU-3, AU-12",
Azure,Azure Resource Logs,Microsoft.Sql/servers/databases,Errors,SQL error logs.,High,Resource -> Monitoring -> Diagnostic settings,,"AU-2, AU-3, AU-12",
Azure,Azure Resource Logs,Microsoft.Sql/servers/databases,Blocks,Blocking information.,Medium,Resource -> Monitoring -> Diagnostic settings,,"AU-2, AU-3, AU-12",
Azure,Azure Resource Logs,Microsoft.Sql/servers/databases,Timeouts,Timeout events.,Medium,Resource -> Monitoring -> Diagnostic settings,,"AU-2, AU-3, AU-12",
Azure,Azure Resource Logs,Microsoft.Sql/servers/databases,DatabaseWaitStatistics,Database wait statistics.,Medium,Resource -> Monitoring -> Diagnostic settings,,"AU-2, AU-3, AU-12",
Azure,Azure Resource Logs,Microsoft.ContainerService/managedClusters,kube-apiserver,Kubernetes API server logs.,Critical - High volume,Resource -> Monitoring -> Diagnostic settings,,"AU-2, AU-3, AU-12",
Azure,Azure Resource Logs,Microsoft.ContainerService/managedClusters,kube-audit,Kubernetes audit logs.,Critical - High volume,Resource -> Monitoring -> Diagnostic settings,,"AU-2, AU-3, AU-12",
Azure,Azure Resource Logs,Microsoft.ContainerService/managedClusters,kube-audit-admin,Kubernetes audit logs (admin operations).,Critical,Resource -> Monitoring -> Diagnostic settings,,"AU-2, AU-3, AU-12",
Azure,Azure Resource Logs,Microsoft.ContainerService/managedClusters,kube-controller-manager,Controller manager logs.,High,Resource -> Monitoring -> Diagnostic settings,,"AU-2, AU-3, AU-12",
Azure,Azure Resource Logs,Microsoft.ContainerService/managedClusters,kube-scheduler,Scheduler logs.,Medium,Resource -> Monitoring -> Diagnostic settings,,"AU-2, AU-3, AU-12",
Azure,Azure Resource Logs,Microsoft.ContainerService/managedClusters,cluster-autoscaler,Cluster autoscaler logs.,Medium,Resource -> Monitoring -> Diagnostic settings,,"AU-2, AU-3, AU-12",
Azure,Azure Resource Logs,Microsoft.ContainerService/managedClusters,guard,Azure Policy for AKS (Gatekeeper) logs.,Medium,Resource -> Monitoring -> Diagnostic settings,,"AU-2, AU-3, AU-12",
Azure,Azure Resource Logs,Microsoft.ContainerService/managedClusters,csi-azuredisk-controller,Azure Disk CSI driver logs.,Medium,Resource -> Monitoring -> Diagnostic settings,,"AU-2, AU-3, AU-12",
Azure,Azure Resource Logs,Microsoft.ContainerService/managedClusters,csi-azurefile-controller,Azure File CSI driver logs.,Medium,Resource -> Monitoring -> Diagnostic settings,,"AU-2, AU-3, AU-12",
Azure,Azure Resource Logs,Microsoft.Web/sites,AppServiceHTTPLogs,Incoming HTTP request logs.,High volume,Resource -> Monitoring -> Diagnostic settings,,"AU-2, AU-3, AU-12",
Azure,Azure Resource Logs,Microsoft.Web/sites,AppServiceConsoleLogs,Console / stdout logs.,High,Resource -> Monitoring -> Diagnostic settings,,"AU-2, AU-3, AU-12",
Azure,Azure Resource Logs,Microsoft.Web/sites,AppServiceAppLogs,Application logs.,High,Resource -> Monitoring -> Diagnostic settings,,"AU-2, AU-3, AU-12",
Azure,Azure Resource Logs,Microsoft.Web/sites,AppServiceAuditLogs,Publishing protocol audit logs.,Medium,Resource -> Monitoring -> Diagnostic settings,,"AU-2, AU-3, AU-12",
Azure,Azure Resource Logs,Microsoft.Web/sites,AppServicePlatformLogs,App Service platform logs.,Medium,Resource -> Monitoring -> Diagnostic settings,,"AU-2, AU-3, AU-12",
Azure,Azure Resource Logs,Microsoft.Web/sites,AppServiceIPSecAuditLogs,IP restriction audit logs.,Medium,Resource -> Monitoring -> Diagnostic settings,,"AU-2, AU-3, AU-12",
Azure,Azure Resource Logs,Microsoft.Web/sites,FunctionAppLogs,Function App host and code logs.,High,Resource -> Monitoring -> Diagnostic settings,,"AU-2, AU-3, AU-12",
Azure,Azure Resource Logs,Microsoft.Network/applicationGateways,ApplicationGatewayAccessLog,Access logs.,High volume,Resource -> Monitoring -> Diagnostic settings,Network_Traffic,"AU-2, AU-3, AU-12",
Azure,Azure Resource Logs,Microsoft.Network/applicationGateways,ApplicationGatewayPerformanceLog,Performance logs.,Medium,Resource -> Monitoring -> Diagnostic settings,,"AU-2, AU-3, AU-12",
Azure,Azure Resource Logs,Microsoft.Network/applicationGateways,ApplicationGatewayFirewallLog,WAF (Web Application Firewall) logs.,Critical,Resource -> Monitoring -> Diagnostic settings,Network_Traffic,"AU-2, AU-3, AU-12",
Azure,Azure Resource Logs,Microsoft.Network/azureFirewalls,AzureFirewallApplicationRule,Application rule hit logs.,High volume,Resource -> Monitoring -> Diagnostic settings,Network_Traffic,"AU-2, AU-3, AU-12",
Azure,Azure Resource Logs,Microsoft.Network/azureFirewalls,AzureFirewallNetworkRule,Network rule hit logs.,High volume,Resource -> Monitoring -> Diagnostic settings,Network_Traffic,"AU-2, AU-3, AU-12",
Azure,Azure Resource Logs,Microsoft.Network/azureFirewalls,AzureFirewallDnsProxy,DNS proxy logs.,Medium,Resource -> Monitoring -> Diagnostic settings,Network_Resolution,"AU-2, AU-3, AU-12",
Azure,Azure Resource Logs,Microsoft.Network/azureFirewalls,AZFW* tables,"Additional advanced Firewall tables (AZFWThreatIntel, AZFWIdpsSignature, and others).",High,Resource -> Monitoring -> Diagnostic settings,,"AU-2, AU-3, AU-12",
Azure,Azure Resource Logs,Microsoft.DocumentDB/databaseAccounts,DataPlaneRequests,Data plane request logs.,High volume,Resource -> Monitoring -> Diagnostic settings,,"AU-2, AU-3, AU-12",
Azure,Azure Resource Logs,Microsoft.DocumentDB/databaseAccounts,MongoRequests,MongoDB API request logs.,High,Resource -> Monitoring -> Diagnostic settings,,"AU-2, AU-3, AU-12",
Azure,Azure Resource Logs,Microsoft.DocumentDB/databaseAccounts,QueryRuntimeStatistics,Query runtime statistics.,High,Resource -> Monitoring -> Diagnostic settings,,"AU-2, AU-3, AU-12",
Azure,Azure Resource Logs,Microsoft.DocumentDB/databaseAccounts,PartitionKeyStatistics,Partition key statistics.,Medium,Resource -> Monitoring -> Diagnostic settings,,"AU-2, AU-3, AU-12",
Azure,Azure Resource Logs,Microsoft.DocumentDB/databaseAccounts,ControlPlaneRequests,Control plane operations.,Medium,Resource -> Monitoring -> Diagnostic settings,,"AU-2, AU-3, AU-12",
Azure,Azure Resource Logs,Microsoft.DocumentDB/databaseAccounts,GremlinRequests / CassandraRequests / TableApiRequests,"API-specific request logs for the Gremlin, Cassandra, and Table APIs.",Medium,Resource -> Monitoring -> Diagnostic settings,,"AU-2, AU-3, AU-12",
Azure,Azure Resource Logs,Microsoft.ContainerRegistry/registries,ContainerRegistryRepositoryEvents,Repository push / pull / delete events.,High,Resource -> Monitoring -> Diagnostic settings,,"AU-2, AU-3, AU-12",
Azure,Azure Resource Logs,Microsoft.ContainerRegistry/registries,ContainerRegistryLoginEvents,Login events.,High,Resource -> Monitoring -> Diagnostic settings,Authentication,"AU-2, AU-3, AU-12",
Azure,Azure Resource Logs,Microsoft.Cache/redis,ConnectedClientList,Connected clients list.,Medium,Resource -> Monitoring -> Diagnostic settings,,"AU-2, AU-3, AU-12",
Azure,Azure Resource Logs,Microsoft.ApiManagement/service,GatewayLogs,API gateway request / response logs.,High volume,Resource -> Monitoring -> Diagnostic settings,,"AU-2, AU-3, AU-12",
Azure,Azure Resource Logs,Microsoft.ApiManagement/service,WebSocketConnectionLogs,WebSocket connection logs.,Medium,Resource -> Monitoring -> Diagnostic settings,,"AU-2, AU-3, AU-12",
Azure,Azure Resource Logs,Microsoft.ApiManagement/service,DeveloperPortalAuditLogs,Developer portal audit logs.,Medium,Resource -> Monitoring -> Diagnostic settings,,"AU-2, AU-3, AU-12",
Azure,Azure Resource Logs,Microsoft.Automation/automationAccounts,JobLogs,Runbook job logs.,High,Resource -> Monitoring -> Diagnostic settings,,"AU-2, AU-3, AU-12",
Azure,Azure Resource Logs,Microsoft.Automation/automationAccounts,JobStreams,Job output streams (stdout/stderr).,High,Resource -> Monitoring -> Diagnostic settings,,"AU-2, AU-3, AU-12",
Azure,Azure Resource Logs,Microsoft.Automation/automationAccounts,DscNodeStatus,DSC node status logs.,Medium,Resource -> Monitoring -> Diagnostic settings,,"AU-2, AU-3, AU-12",
Azure,Azure Resource Logs,Microsoft.Automation/automationAccounts,AuditEvent,Automation account audit events.,Medium,Resource -> Monitoring -> Diagnostic settings,,"AU-2, AU-3, AU-12",
Azure,Azure Resource Logs,Microsoft.AAD/domainServices,AccountLogon,Account logon events.,High,Resource -> Monitoring -> Diagnostic settings,Authentication,"AU-2, AU-3, AU-12",4624
Azure,Azure Resource Logs,Microsoft.AAD/domainServices,AccountManagement,Account management events.,High,Resource -> Monitoring -> Diagnostic settings,Change.Account_Management,"AU-2, AU-3, AU-12",
Azure,Azure Resource Logs,Microsoft.AAD/domainServices,DirectoryServiceAccess,Directory service access.,High,Resource -> Monitoring -> Diagnostic settings,,"AU-2, AU-3, AU-12",
Azure,Azure Resource Logs,Microsoft.AAD/domainServices,LogonLogoff,Logon / logoff events.,High,Resource -> Monitoring -> Diagnostic settings,Authentication,"AU-2, AU-3, AU-12",4624
Azure,Azure Resource Logs,Microsoft.AAD/domainServices,PolicyChange,Policy change events.,Medium,Resource -> Monitoring -> Diagnostic settings,Change.Auditing_Changes,"AU-2, AU-3, AU-12",
Azure,Azure Resource Logs,Microsoft.AAD/domainServices,PrivilegeUse / SystemSecurity,Privilege use and system security events.,Medium,Resource -> Monitoring -> Diagnostic settings,,"AU-2, AU-3, AU-12",
Azure,Azure Resource Logs,Microsoft.Network/networkSecurityGroups,NetworkSecurityGroupEvent,NSG (rule allow/deny) event logs.,Medium,Resource -> Monitoring -> Diagnostic settings,Network_Traffic,"AU-2, AU-3, AU-12",
Azure,Azure Resource Logs,Microsoft.Network/networkSecurityGroups,NetworkSecurityGroupRuleCounter,NSG rule hit-counter logs.,Medium,Resource -> Monitoring -> Diagnostic settings,,"AU-2, AU-3, AU-12",
Azure,Azure Resource Logs,Microsoft.Insights/components,Requests,Application Insights request telemetry.,High volume,Resource -> Monitoring -> Diagnostic settings,,"AU-2, AU-3, AU-12",
Azure,Azure Resource Logs,Microsoft.Insights/components,Dependencies,Application Insights dependency-call telemetry.,High volume,Resource -> Monitoring -> Diagnostic settings,,"AU-2, AU-3, AU-12",
Azure,Azure Resource Logs,Microsoft.Insights/components,Exceptions,Application Insights exception telemetry.,High,Resource -> Monitoring -> Diagnostic settings,,"AU-2, AU-3, AU-12",
Azure,Azure Resource Logs,Microsoft.Insights/components,Traces,Application Insights trace telemetry.,High volume,Resource -> Monitoring -> Diagnostic settings,,"AU-2, AU-3, AU-12",
Azure,Azure Resource Logs,Microsoft.Insights/components,PageViews,Page view telemetry.,Medium,Resource -> Monitoring -> Diagnostic settings,,"AU-2, AU-3, AU-12",
Azure,Azure Resource Logs,Microsoft.Insights/components,CustomEvents,Custom event telemetry.,Medium,Resource -> Monitoring -> Diagnostic settings,,"AU-2, AU-3, AU-12",
Azure,Azure Resource Logs,Microsoft.Insights/components,AvailabilityResults,Synthetic availability test results.,Medium,Resource -> Monitoring -> Diagnostic settings,,"AU-2, AU-3, AU-12",
Azure,Azure Resource Logs,Category Group (any resource),allLogs,Collects every available log category for the resource in one Diagnostic Settings entry.,Recommended for full coverage,Resource or Azure Policy -> Diagnostic settings,,"AU-2, AU-3, AU-12",
Azure,Azure Resource Logs,Category Group (any resource),audit,"Collects only the audit-related categories for the resource, for lower ingestion cost than allLogs.",Recommended for cost control,Resource or Azure Policy -> Diagnostic settings,,"AU-2, AU-3, AU-12",
Azure,Azure Resource Logs,Microsoft.EventHub/namespaces,OperationalLogs,Operational / management logs.,High,Resource -> Monitoring -> Diagnostic settings,,"AU-2, AU-3, AU-12",
Azure,Azure Resource Logs,Microsoft.EventHub/namespaces,RuntimeAuditLogs,Runtime audit logs (data plane) -- may incur additional cost.,High,Resource -> Monitoring -> Diagnostic settings,,"AU-2, AU-3, AU-12",
Azure,Azure Resource Logs,Microsoft.EventHub/namespaces,VNetAndIPFilteringLogs / ApplicationMetricsLogs,VNet/IP filtering and application metrics logs.,Medium,Resource -> Monitoring -> Diagnostic settings,,"AU-2, AU-3, AU-12",
Azure,Azure Resource Logs,Microsoft.EventHub/namespaces,DiagnosticErrorLogs,Diagnostic error logs -- may incur additional cost.,Medium,Resource -> Monitoring -> Diagnostic settings,,"AU-2, AU-3, AU-12",
Azure,Azure Resource Logs,Microsoft.ServiceBus/namespaces,OperationalLogs,Operational logs.,High,Resource -> Monitoring -> Diagnostic settings,,"AU-2, AU-3, AU-12",
Azure,Azure Resource Logs,Microsoft.ServiceBus/namespaces,RuntimeAuditLogs,Runtime audit logs -- may incur additional cost.,High,Resource -> Monitoring -> Diagnostic settings,,"AU-2, AU-3, AU-12",
Azure,Azure Resource Logs,Microsoft.ServiceBus/namespaces,VNetAndIPFilteringLogs,VNet and IP filtering connection logs.,Medium,Resource -> Monitoring -> Diagnostic settings,,"AU-2, AU-3, AU-12",
Azure,Azure Resource Logs,Microsoft.ServiceBus/namespaces,DiagnosticErrorLogs,Diagnostic error logs.,Medium,Resource -> Monitoring -> Diagnostic settings,,"AU-2, AU-3, AU-12",
Azure,Azure Resource Logs,Microsoft.DataFactory/factories,ActivityRuns,Pipeline activity run logs.,High,Resource -> Monitoring -> Diagnostic settings,,"AU-2, AU-3, AU-12",
Azure,Azure Resource Logs,Microsoft.DataFactory/factories,PipelineRuns,Pipeline run logs.,High,Resource -> Monitoring -> Diagnostic settings,,"AU-2, AU-3, AU-12",
Azure,Azure Resource Logs,Microsoft.DataFactory/factories,TriggerRuns,Trigger run logs.,High,Resource -> Monitoring -> Diagnostic settings,,"AU-2, AU-3, AU-12",
Azure,Azure Resource Logs,Microsoft.DataFactory/factories,SSISIntegrationRuntimeLogs,SSIS Integration Runtime logs.,Medium,Resource -> Monitoring -> Diagnostic settings,,"AU-2, AU-3, AU-12",
Azure,Azure Resource Logs,Microsoft.DataFactory/factories,SSISPackageEventMessages,SSIS package event messages.,Medium,Resource -> Monitoring -> Diagnostic settings,,"AU-2, AU-3, AU-12",
Azure,Azure Resource Logs,Microsoft.Synapse/workspaces,SQLSecurityAuditEvents,SQL security audit events.,High,Resource -> Monitoring -> Diagnostic settings,,"AU-2, AU-3, AU-12",
Azure,Azure Resource Logs,Microsoft.Synapse/workspaces,SynapseRbacOperations,Synapse RBAC operations.,Medium,Resource -> Monitoring -> Diagnostic settings,,"AU-2, AU-3, AU-12",
Azure,Azure Resource Logs,Microsoft.Synapse/workspaces,IntegrationPipelineRuns,Integration pipeline runs.,High,Resource -> Monitoring -> Diagnostic settings,,"AU-2, AU-3, AU-12",
Azure,Azure Resource Logs,Microsoft.Synapse/workspaces,IntegrationActivityRuns,Integration activity runs.,High,Resource -> Monitoring -> Diagnostic settings,,"AU-2, AU-3, AU-12",
Azure,Azure Resource Logs,Microsoft.Synapse/workspaces,GatewayApiRequests,Synapse Gateway API requests.,Medium,Resource -> Monitoring -> Diagnostic settings,,"AU-2, AU-3, AU-12",
Azure,Azure Resource Logs,Microsoft.Synapse/workspaces,BuiltinSqlReqsEnded,Built-in SQL pool requests ended.,Medium,Resource -> Monitoring -> Diagnostic settings,,"AU-2, AU-3, AU-12",
Azure,Azure Resource Logs,Microsoft.Databricks/workspaces,accounts,Accounts audit logs.,High,Resource -> Monitoring -> Diagnostic settings,,"AU-2, AU-3, AU-12",
Azure,Azure Resource Logs,Microsoft.Databricks/workspaces,clusters,Clusters audit logs.,High,Resource -> Monitoring -> Diagnostic settings,,"AU-2, AU-3, AU-12",
Azure,Azure Resource Logs,Microsoft.Databricks/workspaces,notebook,Notebook audit logs.,High,Resource -> Monitoring -> Diagnostic settings,,"AU-2, AU-3, AU-12",
Azure,Azure Resource Logs,Microsoft.Databricks/workspaces,jobs,Jobs audit logs.,High,Resource -> Monitoring -> Diagnostic settings,,"AU-2, AU-3, AU-12",
Azure,Azure Resource Logs,Microsoft.Databricks/workspaces,databrickssql,Databricks SQL audit logs.,High,Resource -> Monitoring -> Diagnostic settings,,"AU-2, AU-3, AU-12",
Azure,Azure Resource Logs,Microsoft.Kusto/clusters,Command,Command logs.,High,Resource -> Monitoring -> Diagnostic settings,,"AU-2, AU-3, AU-12",
Azure,Azure Resource Logs,Microsoft.Kusto/clusters,Query,Query logs.,High volume,Resource -> Monitoring -> Diagnostic settings,,"AU-2, AU-3, AU-12",
Azure,Azure Resource Logs,Microsoft.Kusto/clusters,TableDetails / TableUsageStatistics,Table details and usage statistics.,Medium,Resource -> Monitoring -> Diagnostic settings,,"AU-2, AU-3, AU-12",
Azure,Azure Resource Logs,Microsoft.Logic/workflows,WorkflowRuntime,Logic App workflow runtime logs.,High,Resource -> Monitoring -> Diagnostic settings,,"AU-2, AU-3, AU-12",
Azure,Azure Resource Logs,Microsoft.Search/searchServices,OperationLogs,Search service operation logs.,Medium,Resource -> Monitoring -> Diagnostic settings,,"AU-2, AU-3, AU-12",
Azure,Azure Resource Logs,Microsoft.SignalRService/SignalR,AllLogs / ConnectivityLogs / MessagingLogs,Connectivity and messaging logs.,Medium,Resource -> Monitoring -> Diagnostic settings,,"AU-2, AU-3, AU-12",
Azure,Azure Resource Logs,Microsoft.Cdn/profiles,AzureCdnAccessLog,CDN access logs.,High volume,Resource -> Monitoring -> Diagnostic settings,,"AU-2, AU-3, AU-12",
Azure,Azure Resource Logs,Microsoft.Network/loadBalancers,LoadBalancerProbeHealthStatus,Load balancer probe health status.,Medium,Resource -> Monitoring -> Diagnostic settings,,"AU-2, AU-3, AU-12",
Azure,Azure Resource Logs,Microsoft.Devices/IotHubs,Connections / DeviceTelemetry / C2DCommands / DeviceJobs / FileUploadOperations / Routes / D2CTwinOperations / C2DTwinOperations,IoT Hub device and cloud-to-device operational logs.,High,Resource -> Monitoring -> Diagnostic settings,,"AU-2, AU-3, AU-12",
Azure,Azure Resource Logs,Microsoft.RecoveryServices/vaults,AzureBackupReport / CoreAzureBackup / AddonAzureBackupJobs / AddonAzureBackupPolicy / AddonAzureBackupProtectedInstance / AzureSiteRecoveryJobs / AzureSiteRecoveryEvents / AzureSiteRecoveryReplicatedItems,"Backup job/report logs (core backup, per-workload backup-addon jobs/policy/protected-instance detail) and Site Recovery replication job/event/replicated-item logs.",High,Resource -> Monitoring -> Diagnostic settings,,"AU-2, AU-3, AU-12",
Azure,Azure Resource Logs,Microsoft.App/managedEnvironments,ContainerAppConsoleLogs,Container Apps console logs.,High,Resource -> Monitoring -> Diagnostic settings,,"AU-2, AU-3, AU-12",
Azure,Azure Resource Logs,Microsoft.App/managedEnvironments,ContainerAppSystemLogs,Container Apps system logs.,High,Resource -> Monitoring -> Diagnostic settings,,"AU-2, AU-3, AU-12",
Azure,Azure Resource Logs,Microsoft.App/managedEnvironments,ContainerAppHTTPLogs,Container Apps HTTP logs.,High volume,Resource -> Monitoring -> Diagnostic settings,,"AU-2, AU-3, AU-12",
Azure,Azure Resource Logs,Microsoft.MachineLearningServices/workspaces,AmlComputeClusterEvent,AML compute cluster events.,Medium,Resource -> Monitoring -> Diagnostic settings,,"AU-2, AU-3, AU-12",
Azure,Azure Resource Logs,Microsoft.MachineLearningServices/workspaces,AmlComputeJobEvent,AML compute job events.,Medium,Resource -> Monitoring -> Diagnostic settings,,"AU-2, AU-3, AU-12",
Azure,Azure Resource Logs,Microsoft.MachineLearningServices/workspaces,AmlRunStatusChangedEvent,AML run status change events.,Medium,Resource -> Monitoring -> Diagnostic settings,,"AU-2, AU-3, AU-12",
Azure,Azure Resource Logs,Microsoft.MachineLearningServices/workspaces,ModelsChangeEvent / ModelsReadEvent,Model registry change/read events.,Medium,Resource -> Monitoring -> Diagnostic settings,,"AU-2, AU-3, AU-12",
Azure,Azure Resource Logs,Microsoft.HDInsight/clusters,Hadoop / Spark / Kafka / HBase related,HDInsight service logs -- the specific categories available vary by cluster type.,High volume,Resource -> Monitoring -> Diagnostic settings,,"AU-2, AU-3, AU-12",
Azure,Azure Resource Logs,Microsoft.Cache/redisEnterprise/databases,AllLogs / audit related,Redis Enterprise logs.,Medium,Resource -> Monitoring -> Diagnostic settings,,"AU-2, AU-3, AU-12",
Azure,Azure Resource Logs,Microsoft.Batch/batchAccounts,ServiceLog / BatchAccountLogs,Batch service and account logs.,Medium,Resource -> Monitoring -> Diagnostic settings,,"AU-2, AU-3, AU-12",
Microsoft 365,Microsoft Purview Unified Audit Log,Exchange Online,ExchangeAdmin,"Exchange Online admin operations -- mailbox permission changes, transport rule changes, connector changes, and similar.",Critical,Microsoft Purview compliance portal -> Audit -> search/export the unified audit log,Change,"AU-2, AU-3, AU-12",
Microsoft 365,Microsoft Purview Unified Audit Log,Exchange Online,ExchangeItem,"Individual mailbox item access -- read, move, soft-delete, and similar (mailbox audit logging).",High - requires mailbox auditing enabled; item-level detail needs Microsoft 365 E5 / Advanced Audit,Microsoft Purview compliance portal -> Audit -> search/export the unified audit log,,"AU-2, AU-3, AU-12",
Microsoft 365,Microsoft Purview Unified Audit Log,Exchange Online,ExchangeItemGroup,Bulk mailbox item access covering multiple items in one action.,High - requires mailbox auditing enabled; item-level detail needs Microsoft 365 E5 / Advanced Audit,Microsoft Purview compliance portal -> Audit -> search/export the unified audit log,,"AU-2, AU-3, AU-12",
Microsoft 365,Microsoft Purview Unified Audit Log,Exchange Online,ExchangeAggregatedOperation,"Aggregated mailbox access events, e.g. repeated item access within a short window.",Medium,Microsoft Purview compliance portal -> Audit -> search/export the unified audit log,,"AU-2, AU-3, AU-12",
Microsoft 365,Microsoft Purview Unified Audit Log,Exchange Online Protection,SecurityComplianceCenterEOPCmdlet,Exchange Online Protection PowerShell cmdlet usage run via the Security & Compliance Center.,Medium,Microsoft Purview compliance portal -> Audit -> search/export the unified audit log,,"AU-2, AU-3, AU-12",
Microsoft 365,Microsoft Purview Unified Audit Log,SharePoint Online / OneDrive,SharePointFileOperation,"File and folder operations in SharePoint Online and OneDrive -- view, download, upload, delete, move, and similar.",High volume,Microsoft Purview compliance portal -> Audit -> search/export the unified audit log,,"AU-2, AU-3, AU-12",
Microsoft 365,Microsoft Purview Unified Audit Log,SharePoint Online / OneDrive,SharePointSharingOperation,"File and folder external/internal sharing operations, including anonymous link creation.",Critical,Microsoft Purview compliance portal -> Audit -> search/export the unified audit log,,"AU-2, AU-3, AU-12",
Microsoft 365,Microsoft Purview Unified Audit Log,SharePoint Online / OneDrive,SharePointListOperation,SharePoint list-level operations.,Medium,Microsoft Purview compliance portal -> Audit -> search/export the unified audit log,,"AU-2, AU-3, AU-12",
Microsoft 365,Microsoft Purview Unified Audit Log,Microsoft Teams,MicrosoftTeams,"Teams user activity -- messages, meetings, calls, channel membership changes.",High volume,Microsoft Purview compliance portal -> Audit -> search/export the unified audit log,,"AU-2, AU-3, AU-12",
Microsoft 365,Microsoft Purview Unified Audit Log,Microsoft Teams,MicrosoftTeamsAdmin,Teams admin center configuration changes.,High,Microsoft Purview compliance portal -> Audit -> search/export the unified audit log,Change,"AU-2, AU-3, AU-12",
Microsoft 365,Microsoft Purview Unified Audit Log,Microsoft Teams,MicrosoftTeamsDevice,Teams Rooms and Teams device management events.,Medium,Microsoft Purview compliance portal -> Audit -> search/export the unified audit log,,"AU-2, AU-3, AU-12",
Microsoft 365,Microsoft Purview Unified Audit Log,Power Platform,MicrosoftFlow,"Power Automate (Flow) creation, modification, and run activity.",Medium,Microsoft Purview compliance portal -> Audit -> search/export the unified audit log,,"AU-2, AU-3, AU-12",
Microsoft 365,Microsoft Purview Unified Audit Log,Power Platform,PowerAppsApp,"Power Apps creation, modification, and sharing activity.",Medium,Microsoft Purview compliance portal -> Audit -> search/export the unified audit log,,"AU-2, AU-3, AU-12",
Microsoft 365,Microsoft Purview Unified Audit Log,Data Loss Prevention,ComplianceDLPSharePoint,DLP policy matches on content in SharePoint Online and OneDrive.,High,Microsoft Purview compliance portal -> Audit -> search/export the unified audit log,DLP,"AU-2, AU-3, AU-12",
Microsoft 365,Microsoft Purview Unified Audit Log,Data Loss Prevention,ComplianceDLPExchange,DLP policy matches on content in Exchange Online (mail and attachments).,High,Microsoft Purview compliance portal -> Audit -> search/export the unified audit log,DLP,"AU-2, AU-3, AU-12",
Microsoft 365,Microsoft Purview Unified Audit Log,Data Loss Prevention,DLPEndpoint,"Endpoint DLP policy matches on managed devices (copy to USB, print, cloud upload, and similar).",High,Microsoft Purview compliance portal -> Audit -> search/export the unified audit log,DLP,"AU-2, AU-3, AU-12",
Microsoft 365,Microsoft Purview Unified Audit Log,Microsoft Defender for Office 365,ThreatIntelligence,"Threat detections against email and collaboration content (phishing, malware).",Critical,Microsoft Purview compliance portal -> Audit -> search/export the unified audit log,Malware.Malware_Attacks,"AU-2, AU-3, AU-12",
Microsoft 365,Microsoft Purview Unified Audit Log,Microsoft Defender for Office 365,ThreatFinder,Threat hunting and investigation query activity.,Medium,Microsoft Purview compliance portal -> Audit -> search/export the unified audit log,,"AU-2, AU-3, AU-12",
Microsoft 365,Microsoft Purview Unified Audit Log,Microsoft Defender for Office 365,AirInvestigation,Automated Investigation and Response (AIR) actions taken in response to a detected threat.,High,Microsoft Purview compliance portal -> Audit -> search/export the unified audit log,Malware.Malware_Attacks,"AU-2, AU-3, AU-12",
Microsoft 365,Microsoft Purview Unified Audit Log,Microsoft Defender for Endpoint,MDATPAudit,Microsoft Defender for Endpoint's own admin/configuration audit trail.,Medium,Microsoft Purview compliance portal -> Audit -> search/export the unified audit log,Malware.Malware_Operations,"AU-2, AU-3, AU-12",
Microsoft 365,Microsoft Purview Unified Audit Log,Communication Compliance,ComplianceSupervisionExchange,Communication Compliance (Supervision) review activity over Exchange content.,Medium,Microsoft Purview compliance portal -> Audit -> search/export the unified audit log,,"AU-2, AU-3, AU-12",
Microsoft 365,Microsoft Purview Unified Audit Log,Information Barriers,InformationBarrierPolicyApplication,Information barrier policy evaluation events between segmented user groups.,Medium,Microsoft Purview compliance portal -> Audit -> search/export the unified audit log,,"AU-2, AU-3, AU-12",
Microsoft 365,Microsoft Purview Unified Audit Log,Microsoft Forms,MicrosoftForms,"Forms creation, modification, and response activity.",Low,Microsoft Purview compliance portal -> Audit -> search/export the unified audit log,,"AU-2, AU-3, AU-12",
Microsoft 365,Microsoft Purview Unified Audit Log,Viva Engage (Yammer),Yammer,Viva Engage (Yammer) posting and administration activity.,Low,Microsoft Purview compliance portal -> Audit -> search/export the unified audit log,,"AU-2, AU-3, AU-12",
Microsoft 365,Microsoft Purview Unified Audit Log,Microsoft Purview,CustomerKeyServiceEncryption,Customer Key encryption/decryption operations against Microsoft 365 content.,Medium,Microsoft Purview compliance portal -> Audit -> search/export the unified audit log,,"AU-2, AU-3, AU-12",
Microsoft Defender,Microsoft Defender for Cloud,Subscription / Tenant,SecurityAlerts,Security alerts generated by Defender for Cloud across monitored resources.,Critical - via Continuous Export or Connector,Microsoft Defender for Cloud -> Environment settings -> Continuous export,Alerts,"AU-2, AU-3, AU-12",
Microsoft Defender,Microsoft Defender for Cloud,Subscription / Tenant,SecurityRecommendations,Security posture recommendations from Defender for Cloud.,High - via Continuous Export,Microsoft Defender for Cloud -> Environment settings -> Continuous export,,"AU-2, AU-3, AU-12",
Microsoft Defender,Microsoft Defender for Cloud,Subscription / Tenant,SecureScore,Secure Score posture data.,Medium,Microsoft Defender for Cloud -> Environment settings -> Continuous export,,"AU-2, AU-3, AU-12",
Microsoft Defender,Microsoft Defender for Cloud,Subscription / Tenant,RegulatoryCompliance,Regulatory compliance assessment results.,Medium,Microsoft Defender for Cloud -> Environment settings -> Continuous export,,"AU-2, AU-3, AU-12",
Microsoft Defender,Microsoft Defender for Cloud,Subscription / Tenant,SubAssessments,Sub-assessment / vulnerability scan data.,High,Microsoft Defender for Cloud -> Environment settings -> Continuous export,,"AU-2, AU-3, AU-12",
Microsoft Defender,Microsoft Defender for Cloud,Subscription / Tenant,SecurityAssessments,Security assessment results.,High,Microsoft Defender for Cloud -> Environment settings -> Continuous export,,"AU-2, AU-3, AU-12",
Microsoft Defender,Microsoft Defender for Endpoint,Devices,DeviceEvents,General endpoint security events that do not fit a more specific device table.,Critical - via MDE advanced hunting / Data connector,Microsoft Defender XDR / Microsoft Sentinel data connectors,,"AU-2, AU-3, AU-12",
Microsoft Defender,Microsoft Defender for Endpoint,Devices,DeviceProcessEvents,Process creation events on onboarded devices.,Critical - via MDE advanced hunting / Data connector,Microsoft Defender XDR / Microsoft Sentinel data connectors,Endpoint.Processes,"AU-2, AU-3, AU-12",4688
Microsoft Defender,Microsoft Defender for Endpoint,Devices,DeviceNetworkEvents,Network connection events on onboarded devices.,Critical - via MDE advanced hunting / Data connector,Microsoft Defender XDR / Microsoft Sentinel data connectors,Network_Traffic,"AU-2, AU-3, AU-12",
Microsoft Defender,Microsoft Defender for Endpoint,Devices,DeviceFileEvents,"File creation, modification, and deletion events on onboarded devices.",Critical - via MDE advanced hunting / Data connector,Microsoft Defender XDR / Microsoft Sentinel data connectors,Endpoint.Filesystem,"AU-2, AU-3, AU-12",
Microsoft Defender,Microsoft Defender for Endpoint,Devices,DeviceLogonEvents,Logon events on onboarded devices.,Critical - via MDE advanced hunting / Data connector,Microsoft Defender XDR / Microsoft Sentinel data connectors,Authentication,"AU-2, AU-3, AU-12",4624
Microsoft Defender,Microsoft Defender for Endpoint,Devices,DeviceRegistryEvents,Registry key and value create/modify/delete events on onboarded devices.,Critical - via MDE advanced hunting / Data connector,Microsoft Defender XDR / Microsoft Sentinel data connectors,Endpoint.Registry,"AU-2, AU-3, AU-12",4657
Microsoft Defender,Microsoft Defender for Endpoint,Devices,DeviceImageLoadEvents,DLL / image load events on onboarded devices.,Critical - via MDE advanced hunting / Data connector,Microsoft Defender XDR / Microsoft Sentinel data connectors,,"AU-2, AU-3, AU-12",
Microsoft Defender,Microsoft Defender for Identity,Identity,IdentityLogonEvents,Authentication events observed by Defender for Identity sensors on domain controllers and AD FS/AD CS servers.,High,Microsoft Defender XDR / Microsoft Sentinel data connectors,Authentication,"AU-2, AU-3, AU-12",4624
Microsoft Defender,Microsoft Defender for Identity,Identity,IdentityQueryEvents,Directory query events (e.g. LDAP queries) observed by Defender for Identity sensors.,High,Microsoft Defender XDR / Microsoft Sentinel data connectors,,"AU-2, AU-3, AU-12",
Microsoft Defender,Microsoft Defender for Identity,Identity,IdentityDirectoryEvents,Broader Active Directory operations observed by Defender for Identity sensors.,High,Microsoft Defender XDR / Microsoft Sentinel data connectors,,"AU-2, AU-3, AU-12",
Microsoft Defender,Microsoft Defender for Cloud Apps,SaaS / Cloud Apps,CloudAppEvents,Cloud application activity and alerts across connected SaaS apps.,High,Microsoft Defender XDR / Microsoft Sentinel data connectors,,"AU-2, AU-3, AU-12",
Microsoft Defender,Microsoft Defender for Office 365,Email / Collaboration,EmailEvents,Mail flow and delivery events.,High,Microsoft Defender XDR / Microsoft Sentinel data connectors,,"AU-2, AU-3, AU-12",
Microsoft Defender,Microsoft Defender for Office 365,Email / Collaboration,EmailUrlInfo,URL metadata extracted from email messages.,High,Microsoft Defender XDR / Microsoft Sentinel data connectors,,"AU-2, AU-3, AU-12",
Microsoft Defender,Microsoft Defender for Office 365,Email / Collaboration,EmailAttachmentInfo,Attachment metadata extracted from email messages.,High,Microsoft Defender XDR / Microsoft Sentinel data connectors,,"AU-2, AU-3, AU-12",
Microsoft Defender,Microsoft Defender for Office 365,Email / Collaboration,UrlClickEvents,Safe Links URL click verdicts -- whether a clicked link was allowed or blocked as malicious.,High,Microsoft Defender XDR / Microsoft Sentinel data connectors,Malware.Malware_Attacks,"AU-2, AU-3, AU-12",
Microsoft Defender,Microsoft Defender,General,AlertEvidence,"Supporting evidence entities (files, processes, IPs, etc.) attached to Defender XDR alerts.",Critical,Microsoft Sentinel / Microsoft Defender XDR,,"AU-2, AU-3, AU-12",
Microsoft Defender,Microsoft Defender,General,AlertInfo,The master alert record across all Microsoft Defender XDR products.,Critical,Microsoft Sentinel / Microsoft Defender XDR,Alerts,"AU-2, AU-3, AU-12",
Azure DevOps,Organization,Organization,AzureDevOpsAuditing,"Full Azure DevOps organization audit log: security policy changes, pipeline changes, project/permission changes, and more, streamed as individual audit events.",Critical,Azure DevOps -> Organization Settings -> Auditing -> Streams (to Log Analytics / Event Hub / Splunk),Change,"AU-2, AU-3, AU-12",
Azure DevOps,Organization,Organization,Audit event taxonomy (Category x Area),"Every AzureDevOpsAuditing event carries an action Category (Access / Create / Delete / Execute / Modify / Rename) and a product Area (Security / Project / Git / Pipelines / Artifacts / etc.) -- not a separate log stream, but the two fields most audit queries filter on.",High,Azure DevOps Auditing,,"AU-2, AU-3, AU-12",
Azure DevOps,Pipelines,Pipeline Runs,Pipeline / agent / worker diagnostic logs,"Verbose pipeline execution, agent, and worker diagnostic logs, enabled per-run via system.debug=true. Not audit data -- troubleshooting detail for a specific pipeline run.",High (enable system.debug),Pipeline settings or variable system.debug=true,,"AU-2, AU-3, AU-12",
Azure,Azure Resource Logs,Microsoft.DevOpsInfrastructure/pools,ProvisioningLogs,Agent provisioning events for Managed DevOps Pools (self-hosted Azure DevOps/GitHub Actions build agent pools).,Medium,Resource -> Monitoring -> Diagnostic settings,,"AU-2, AU-3, AU-12",
Azure,Azure Resource Logs,Microsoft.DevOpsInfrastructure/pools,AllMetrics,Platform metrics for Managed DevOps Pools.,Medium,Resource -> Monitoring -> Diagnostic settings,,"AU-2, AU-3, AU-12",
Microsoft 365,Microsoft Purview Unified Audit Log,Power BI,PowerBIAudit,"Power BI activity: report views, dataset/dataflow creation and refresh, workspace access changes, sharing.",High,Microsoft Purview compliance portal -> Audit / Power BI Admin portal -> Audit logs,,"AU-2, AU-3, AU-12",
Microsoft 365,Microsoft Purview Unified Audit Log,Dynamics 365 / Dataverse,Dynamics365Activity,"Dynamics 365 customer engagement and Dataverse audit activity (record create/update/delete, security role changes).",High,Microsoft Purview compliance portal -> Audit / Dynamics 365 admin center,,"AU-2, AU-3, AU-12",
Microsoft 365,Microsoft Purview Unified Audit Log,Microsoft Fabric,Fabric workspace & item activity,"Microsoft Fabric workspace and item activity (dataset/report/notebook create-update-delete, workspace access changes), surfaced through Purview auditing.",Medium,Microsoft Purview compliance portal -> Audit / Microsoft Fabric Admin portal,,"AU-2, AU-3, AU-12",
GitHub,Organization / Enterprise,Audit Log,GitHub Audit Log,"GitHub organization and enterprise audit events: repo/team/permission changes, SSO and access-token activity, admin actions.",Critical - via Audit Log Streaming,GitHub Enterprise -> Settings -> Audit log -> Log streaming (to Azure / Splunk / etc.),Change,"AU-2, AU-3, AU-12",
Azure,Azure Resource Logs,Microsoft.DesktopVirtualization/hostpools,Checkpoint,AVD host pool session-lifecycle checkpoint events.,Medium,Resource -> Monitoring -> Diagnostic settings,,"AU-2, AU-3, AU-12",
Azure,Azure Resource Logs,Microsoft.DesktopVirtualization/hostpools,Error,AVD host pool error events.,High,Resource -> Monitoring -> Diagnostic settings,,"AU-2, AU-3, AU-12",
Azure,Azure Resource Logs,Microsoft.DesktopVirtualization/hostpools,Management,AVD host pool management-plane operations (create/update/delete on the host pool and its session hosts).,High,Resource -> Monitoring -> Diagnostic settings,Change,"AU-2, AU-3, AU-12",
Azure,Azure Resource Logs,Microsoft.DesktopVirtualization/hostpools,Connection,AVD host pool session connect/reconnect/disconnect events.,High,Resource -> Monitoring -> Diagnostic settings,,"AU-2, AU-3, AU-12",
Azure,Azure Resource Logs,Microsoft.DesktopVirtualization/hostpools,HostRegistration,AVD host pool session-host registration/deregistration events.,Medium,Resource -> Monitoring -> Diagnostic settings,,"AU-2, AU-3, AU-12",
Azure,Azure Resource Logs,Microsoft.DesktopVirtualization/workspaces,Management,AVD workspace management-plane operations.,Medium,Resource -> Monitoring -> Diagnostic settings,Change,"AU-2, AU-3, AU-12",
Azure,Azure Resource Logs,Microsoft.DesktopVirtualization/workspaces,Feed,AVD workspace feed (application/desktop feed subscription) events.,Low,Resource -> Monitoring -> Diagnostic settings,,"AU-2, AU-3, AU-12",
Azure,Azure Resource Logs,Microsoft.DesktopVirtualization/applicationgroups,Management,AVD application group management-plane operations.,Medium,Resource -> Monitoring -> Diagnostic settings,Change,"AU-2, AU-3, AU-12",
Azure,Azure Resource Logs,Microsoft.DesktopVirtualization/applicationgroups,Feed,AVD application group feed events.,Low,Resource -> Monitoring -> Diagnostic settings,,"AU-2, AU-3, AU-12",
Azure,Azure Resource Logs,Microsoft.Cdn/profiles,FrontDoorAccessLog,"Every request handled by Azure Front Door Standard/Premium (client IP, URL, response code, latency, cache status).",High volume / Critical,Resource -> Monitoring -> Diagnostic settings,Network_Traffic,"AU-2, AU-3, AU-12",
Azure,Azure Resource Logs,Microsoft.Cdn/profiles,FrontDoorHealthProbeLog,Backend health-probe results for Front Door origins.,Medium,Resource -> Monitoring -> Diagnostic settings,,"AU-2, AU-3, AU-12",
Azure,Azure Resource Logs,Microsoft.Cdn/profiles,FrontDoorWebApplicationFirewallLog,WAF rule matches/blocks for requests through this Front Door profile.,Critical,Resource -> Monitoring -> Diagnostic settings,Alerts,"AU-2, AU-3, AU-12",
Azure,Azure Resource Logs,Microsoft.Network/frontdoorWebApplicationFirewallPolicies,WebApplicationFirewallLog,WAF rule hit and block logs for a Front Door WAF policy resource (independent of the Front Door profile's own WAF log).,Critical,Resource -> Monitoring -> Diagnostic settings,Alerts,"AU-2, AU-3, AU-12",
Azure,Azure Resource Logs,Microsoft.Purview/accounts,ScanStatusLogEvent / DataSensitivityLogEvent / Security / Audit,"Purview account resource logs: data-source scan status/results, data sensitivity-label scan findings, and account-level security/audit events. Distinct from the Microsoft 365 Purview Unified Audit Log above -- this is the Purview *account's own* ARM diagnostic-setting stream.",High,Resource -> Monitoring -> Diagnostic settings + Microsoft Purview portal,,"AU-2, AU-3, AU-12",
Azure,Azure Resource Logs,Microsoft.HybridCompute/machines,HybridCompute / GuestConfiguration / Extension logs,"Azure Arc-enabled server logs: connectivity status, guest configuration policy evaluation, and VM extension install/run events.",High,Resource -> Monitoring -> Diagnostic settings,,"AU-2, AU-3, AU-12",
Azure,Azure Resource Logs,Microsoft.Kubernetes/connectedClusters,Arc Kubernetes logs,"Logs for Arc-enabled Kubernetes clusters (cluster connect/agent status, extension activity).",High,Resource -> Monitoring -> Diagnostic settings,,"AU-2, AU-3, AU-12",
Azure,Azure Resource Logs,Microsoft.AzureArcData,SQL / PostgreSQL Arc data services logs,Logs for Arc-enabled SQL Server and PostgreSQL data services instances.,Medium,Resource -> Monitoring -> Diagnostic settings,,"AU-2, AU-3, AU-12",
Microsoft Intune,Tenant,Tenant,DeviceCompliance / DeviceConfiguration / ManagedDevice / AppProtection,"Intune device compliance results, configuration profile assignment/status, managed-device inventory changes, and app protection policy events.",High,Microsoft Intune admin center -> Tenant administration -> Diagnostic settings / or Microsoft Graph activity logs,,"AU-2, AU-3, AU-12",
Microsoft Intune,Windows 365,Cloud PCs,Windows365AuditLogs,"Create, update, delete, assign and remote-action operations on Cloud PCs (provisioning, resize, restart, reprovision, etc.), correlated by ActivityId; the actor is UserPrincipalName or an app's ApplicationId.",High,Microsoft Intune admin center -> Tenant administration -> Diagnostic settings -> Windows365AuditLogs category,,"AU-2, AU-3, AU-12",
Microsoft Intune,Windows 365,Cloud PCs,Windows365ConnectionLogs,"Per-session RDP connection lifecycle for a Cloud PC: client and session-host details, and TransportType (Shortpath, TURN or Websocket), correlated to the audit trail by ActivityId.",Medium,"Log Analytics workspace (Cloud PC monitoring), not the Diagnostic settings category picker",,"AU-2, AU-3, AU-12",
Microsoft Intune,Windows 365,Cloud PCs,Windows365NetworkLogs,Network performance telemetry for a Cloud PC session - estimated bandwidth and round-trip time - correlated by ActivityId.,Low,Log Analytics workspace (Cloud PC monitoring),,"AU-2, AU-3, AU-12",
Azure,Azure Resource Logs,Microsoft.Communication/CommunicationServices,Operational / Auth / Chat / Calling / SMS / Email,"Azure Communication Services operational and per-channel logs (auth token issuance, chat, calling, SMS, email).",Medium,Resource -> Monitoring -> Diagnostic settings,,"AU-2, AU-3, AU-12",
Azure,Azure Resource Logs,Microsoft.CognitiveServices/accounts,RequestResponse,"API call details for Cognitive Services and Azure OpenAI requests (e.g. ChatCompletions_Create), landing in the AzureDiagnostics table; the most useful category for troubleshooting.",Medium,Resource -> Monitoring -> Diagnostic settings,,"AU-2, AU-3, AU-12",
Azure,Azure Resource Logs,Microsoft.CognitiveServices/accounts,Audit,"Control-plane/management events for the Cognitive Services / Azure OpenAI account, landing in the AzureDiagnostics table.",High,Resource -> Monitoring -> Diagnostic settings,Change,"AU-2, AU-3, AU-12",
Azure,Azure Resource Logs,Microsoft.CognitiveServices/accounts,AzureOpenAIRequestUsage,"Token/usage-focused logging for Azure OpenAI requests (model deployment, prompt/completion token counts) - the cost-tracking category, distinct from RequestResponse's call-detail focus.",Medium,Resource -> Monitoring -> Diagnostic settings,,"AU-2, AU-3, AU-12",
Azure,Azure Resource Logs,Microsoft.CognitiveServices/accounts,Trace,"Trace logs for Cognitive Services / Azure OpenAI, limited availability - only emitted for some custom scenarios rather than every account.",Low,Resource -> Monitoring -> Diagnostic settings,,"AU-2, AU-3, AU-12",
Azure,Azure Resource Logs,Microsoft.Maps/accounts,Usage / Error logs,Azure Maps API usage and error logs for this account.,Low-Medium,Resource -> Monitoring -> Diagnostic settings,,"AU-2, AU-3, AU-12",
Azure,Azure Resource Logs,Microsoft.AzureStackHCI/clusters,Cluster logs / Event logs,"Azure Stack HCI (Azure Local) cluster health and Windows Server cluster event logs, surfaced through Azure Arc.",Medium,Resource -> Monitoring -> Diagnostic settings,,"AU-2, AU-3, AU-12",
Azure,Azure Resource Logs,Microsoft.AAD/domainServices,DetailTracking,,,Resource -> Monitoring -> Diagnostic settings,,,
Azure,Azure Resource Logs,Microsoft.AAD/domainServices,DNSServerAuditsDynamicUpdates,,,Resource -> Monitoring -> Diagnostic settings,,,
Azure,Azure Resource Logs,Microsoft.AAD/domainServices,DNSServerAuditsGeneral,,,Resource -> Monitoring -> Diagnostic settings,,,
Azure,Azure Resource Logs,Microsoft.AAD/domainServices,ObjectAccess,,,Resource -> Monitoring -> Diagnostic settings,,,
Azure,Azure Resource Logs,Microsoft.AAD/domainServices,PrivilegeUse,,,Resource -> Monitoring -> Diagnostic settings,,,
Azure,Azure Resource Logs,Microsoft.AAD/domainServices,SystemSecurity,,,Resource -> Monitoring -> Diagnostic settings,,,
Azure,Azure Resource Logs,Microsoft.AgFoodPlatform/farmBeats,ApplicationAuditLogs,,,Resource -> Monitoring -> Diagnostic settings,,,
Azure,Azure Resource Logs,Microsoft.AgFoodPlatform/farmBeats,FarmManagementLogs,,,Resource -> Monitoring -> Diagnostic settings,,,
Azure,Azure Resource Logs,Microsoft.AgFoodPlatform/farmBeats,FarmOperationLogs,,,Resource -> Monitoring -> Diagnostic settings,,,
Azure,Azure Resource Logs,Microsoft.AgFoodPlatform/farmBeats,InsightLogs,,,Resource -> Monitoring -> Diagnostic settings,,,
Azure,Azure Resource Logs,Microsoft.AgFoodPlatform/farmBeats,JobProcessedLogs,,,Resource -> Monitoring -> Diagnostic settings,,,
Azure,Azure Resource Logs,Microsoft.AgFoodPlatform/farmBeats,ModelInferenceLogs,,,Resource -> Monitoring -> Diagnostic settings,,,
Azure,Azure Resource Logs,Microsoft.AgFoodPlatform/farmBeats,ProviderAuthLogs,,,Resource -> Monitoring -> Diagnostic settings,,,
Azure,Azure Resource Logs,Microsoft.AgFoodPlatform/farmBeats,SatelliteLogs,,,Resource -> Monitoring -> Diagnostic settings,,,
Azure,Azure Resource Logs,Microsoft.AgFoodPlatform/farmBeats,SensorManagementLogs,,,Resource -> Monitoring -> Diagnostic settings,,,
Azure,Azure Resource Logs,Microsoft.AgFoodPlatform/farmBeats,WeatherLogs,,,Resource -> Monitoring -> Diagnostic settings,,,
Azure,Azure Resource Logs,Microsoft.AnalysisServices/servers,Engine,,,Resource -> Monitoring -> Diagnostic settings,,,
Azure,Azure Resource Logs,Microsoft.AnalysisServices/servers,Service,,,Resource -> Monitoring -> Diagnostic settings,,,
Azure,Azure Resource Logs,Microsoft.ApiManagement/service,GatewayLlmLogs,,,Resource -> Monitoring -> Diagnostic settings,,,
Azure,Azure Resource Logs,Microsoft.ApiManagement/service,GatewayMCPLogs,,,Resource -> Monitoring -> Diagnostic settings,,,
Azure,Azure Resource Logs,Microsoft.ApiManagement/service/workspaces,GatewayLogs,,,Resource -> Monitoring -> Diagnostic settings,,,
Azure,Azure Resource Logs,Microsoft.App/managedEnvironments,AppEnvSessionConsoleLogs,,,Resource -> Monitoring -> Diagnostic settings,,,
Azure,Azure Resource Logs,Microsoft.App/managedEnvironments,AppEnvSessionLifeCycleLogs,,,Resource -> Monitoring -> Diagnostic settings,,,
Azure,Azure Resource Logs,Microsoft.App/managedEnvironments,AppEnvSessionPoolEventLogs,,,Resource -> Monitoring -> Diagnostic settings,,,
Azure,Azure Resource Logs,Microsoft.App/managedEnvironments,AppEnvSpringAppConsoleLogs,,,Resource -> Monitoring -> Diagnostic settings,,,
Azure,Azure Resource Logs,Microsoft.AppConfiguration/configurationStores,Audit,,,Resource -> Monitoring -> Diagnostic settings,,,
Azure,Azure Resource Logs,Microsoft.AppConfiguration/configurationStores,HttpRequest,,,Resource -> Monitoring -> Diagnostic settings,,,
Azure,Azure Resource Logs,Microsoft.AppLink/applinks/applinkmembers,istiod,,,Resource -> Monitoring -> Diagnostic settings,,,
Azure,Azure Resource Logs,Microsoft.AppPlatform/spring,ApplicationConsole,,,Resource -> Monitoring -> Diagnostic settings,,,
Azure,Azure Resource Logs,Microsoft.AppPlatform/spring,BuildLogs,,,Resource -> Monitoring -> Diagnostic settings,,,
Azure,Azure Resource Logs,Microsoft.AppPlatform/spring,ContainerEventLogs,,,Resource -> Monitoring -> Diagnostic settings,,,
Azure,Azure Resource Logs,Microsoft.AppPlatform/spring,IngressLogs,,,Resource -> Monitoring -> Diagnostic settings,,,
Azure,Azure Resource Logs,Microsoft.AppPlatform/spring,SystemLogs,,,Resource -> Monitoring -> Diagnostic settings,,,
Azure,Azure Resource Logs,Microsoft.Attestation/attestationProviders,AuditEvent,,,Resource -> Monitoring -> Diagnostic settings,,,
Azure,Azure Resource Logs,Microsoft.Attestation/attestationProviders,NotProcessed,,,Resource -> Monitoring -> Diagnostic settings,,,
Azure,Azure Resource Logs,Microsoft.Attestation/attestationProviders,Operational,,,Resource -> Monitoring -> Diagnostic settings,,,
Azure,Azure Resource Logs,Microsoft.AutonomousDevelopmentPlatform/accounts,Audit,,,Not available in the Azure portal – use Azure CLI / ARM / Azure Policy,,,
Azure,Azure Resource Logs,Microsoft.AutonomousDevelopmentPlatform/accounts,Operational,,,Not available in the Azure portal – use Azure CLI / ARM / Azure Policy,,,
Azure,Azure Resource Logs,Microsoft.AutonomousDevelopmentPlatform/accounts,Request,,,Not available in the Azure portal – use Azure CLI / ARM / Azure Policy,,,
Azure,Azure Resource Logs,Microsoft.AutonomousDevelopmentPlatform/workspaces,Audit,,,Not available in the Azure portal – use Azure CLI / ARM / Azure Policy,,,
Azure,Azure Resource Logs,Microsoft.AutonomousDevelopmentPlatform/workspaces,Operational,,,Not available in the Azure portal – use Azure CLI / ARM / Azure Policy,,,
Azure,Azure Resource Logs,Microsoft.AutonomousDevelopmentPlatform/workspaces,Request,,,Not available in the Azure portal – use Azure CLI / ARM / Azure Policy,,,
Azure,Azure Resource Logs,microsoft.avs/privateClouds,vmwaresyslog,,,Resource -> Monitoring -> Diagnostic settings,,,
Azure,Azure Resource Logs,Microsoft.AzureDataTransfer/connections/flows,OperationalLogs,,,Resource -> Monitoring -> Diagnostic settings,,,
Azure,Azure Resource Logs,microsoft.azureplaywrightservice/accounts,Operational,,,Resource -> Monitoring -> Diagnostic settings,,,
Azure,Azure Resource Logs,microsoft.azuresphere/catalogs,AuditLogs,,,Resource -> Monitoring -> Diagnostic settings,,,
Azure,Azure Resource Logs,microsoft.azuresphere/catalogs,DeviceEvents,,,Resource -> Monitoring -> Diagnostic settings,,,
Azure,Azure Resource Logs,Microsoft.Batch/batchAccounts,AuditLog,,,Resource -> Monitoring -> Diagnostic settings,,,
Azure,Azure Resource Logs,Microsoft.Batch/batchAccounts,ServiceLog,,,Resource -> Monitoring -> Diagnostic settings,,,
Azure,Azure Resource Logs,microsoft.botservice/botservices,BotRequest,,,Resource -> Monitoring -> Diagnostic settings,,,
Azure,Azure Resource Logs,Microsoft.Cache/redis,MSEntraAuthenticationAuditLog,,,Resource -> Monitoring -> Diagnostic settings,,,
Azure,Azure Resource Logs,Microsoft.Cache/redisEnterprise/databases,ConnectionEvents,,,Resource -> Monitoring -> Diagnostic settings,,,
Azure,Azure Resource Logs,Microsoft.Cdn/cdnwebapplicationfirewallpolicies,WebApplicationFirewallLogs,,,Resource -> Monitoring -> Diagnostic settings,,,
Azure,Azure Resource Logs,Microsoft.Cdn/edgeactions,ServiceLog,,,Resource -> Monitoring -> Diagnostic settings,,,
Azure,Azure Resource Logs,Microsoft.Cdn/edgeactions,UserLog,,,Resource -> Monitoring -> Diagnostic settings,,,
Azure,Azure Resource Logs,Microsoft.Cdn/profiles/endpoints,CoreAnalytics,,,Resource -> Monitoring -> Diagnostic settings,,,
Azure,Azure Resource Logs,Microsoft.Chaos/experiments,ExperimentOrchestration,,,Resource -> Monitoring -> Diagnostic settings,,,
Azure,Azure Resource Logs,Microsoft.ClassicNetwork/networksecuritygroups,`Network Security Group Rule Flow Event`,,,Not available in the Azure portal – use Azure CLI / ARM / Azure Policy,,,
Azure,Azure Resource Logs,Microsoft.CloudHealth/healthmodels,Operational,,,Resource -> Monitoring -> Diagnostic settings,,,
Azure,Azure Resource Logs,Microsoft.CloudHealth/healthmodels,Request,,,Resource -> Monitoring -> Diagnostic settings,,,
Azure,Azure Resource Logs,Microsoft.CodeSigning/codesigningaccounts,SignTransactions,,,Resource -> Monitoring -> Diagnostic settings,,,
Azure,Azure Resource Logs,Microsoft.CognitiveServices/accounts,ManagedNetworkEvent,,,Resource -> Monitoring -> Diagnostic settings,,,
Azure,Azure Resource Logs,Microsoft.CognitiveServices/accounts/projects,Audit,,,Resource -> Monitoring -> Diagnostic settings,,,
Azure,Azure Resource Logs,Microsoft.CognitiveServices/accounts/projects,Trace,,,Resource -> Monitoring -> Diagnostic settings,,,
Azure,Azure Resource Logs,microsoft.community/communityTrainings,DataPlaneException,,,Resource -> Monitoring -> Diagnostic settings,,,
Azure,Azure Resource Logs,microsoft.community/communityTrainings,DataPlaneLog,,,Resource -> Monitoring -> Diagnostic settings,,,
Azure,Azure Resource Logs,Microsoft.Compute/virtualMachines,SoftwareUpdateProfile,,,Resource -> Monitoring -> Diagnostic settings,,,
Azure,Azure Resource Logs,Microsoft.Compute/virtualMachines,SoftwareUpdates,,,Resource -> Monitoring -> Diagnostic settings,,,
Azure,Azure Resource Logs,Microsoft.ConfidentialLedger/Ledgers,transactionlogs,,,Resource -> Monitoring -> Diagnostic settings,,,
Azure,Azure Resource Logs,Microsoft.ConfidentialLedger/Ledgers,userdefinedlogs,,,Resource -> Monitoring -> Diagnostic settings,,,
Azure,Azure Resource Logs,Microsoft.ConfidentialLedger/ManagedCCF,applicationlogs,,,Resource -> Monitoring -> Diagnostic settings,,,
Azure,Azure Resource Logs,Microsoft.ConfidentialLedger/ManagedCCFs,applicationlogs,,,Resource -> Monitoring -> Diagnostic settings,,,
Azure,Azure Resource Logs,Microsoft.ConnectedCache/CacheNodes,Events,,,Resource -> Monitoring -> Diagnostic settings,,,
Azure,Azure Resource Logs,Microsoft.ConnectedCache/enterpriseMccCustomers,Events,,,Resource -> Monitoring -> Diagnostic settings,,,
Azure,Azure Resource Logs,Microsoft.ConnectedCache/ispCustomers,Events,,,Resource -> Monitoring -> Diagnostic settings,,,
Azure,Azure Resource Logs,Microsoft.ConnectedVehicle/platformAccounts,Audit,,,Not available in the Azure portal – use Azure CLI / ARM / Azure Policy,,,
Azure,Azure Resource Logs,Microsoft.ConnectedVehicle/platformAccounts,Logs,,,Not available in the Azure portal – use Azure CLI / ARM / Azure Policy,,,
Azure,Azure Resource Logs,Microsoft.ContainerInstance/containerGroups,ContainerEvent,,,Resource -> Monitoring -> Diagnostic settings,,,
Azure,Azure Resource Logs,Microsoft.ContainerInstance/containerGroups,ContainerInstanceLog,,,Resource -> Monitoring -> Diagnostic settings,,,
Azure,Azure Resource Logs,Microsoft.ContainerService/fleets,cloud-controller-manager,,,Resource -> Monitoring -> Diagnostic settings,,,
Azure,Azure Resource Logs,Microsoft.ContainerService/fleets,fleet-hub-agent,,,Resource -> Monitoring -> Diagnostic settings,,,
Azure,Azure Resource Logs,Microsoft.ContainerService/fleets,fleet-hub-net-controller-manager,,,Resource -> Monitoring -> Diagnostic settings,,,
Azure,Azure Resource Logs,Microsoft.ContainerService/fleets,guard,,,Resource -> Monitoring -> Diagnostic settings,,,
Azure,Azure Resource Logs,Microsoft.ContainerService/fleets,kube-apiserver,,,Resource -> Monitoring -> Diagnostic settings,,,
Azure,Azure Resource Logs,Microsoft.ContainerService/fleets,kube-audit,,,Resource -> Monitoring -> Diagnostic settings,,,
Azure,Azure Resource Logs,Microsoft.ContainerService/fleets,kube-audit-admin,,,Resource -> Monitoring -> Diagnostic settings,,,
Azure,Azure Resource Logs,Microsoft.ContainerService/fleets,kube-controller-manager,,,Resource -> Monitoring -> Diagnostic settings,,,
Azure,Azure Resource Logs,Microsoft.ContainerService/fleets,kube-scheduler,,,Resource -> Monitoring -> Diagnostic settings,,,
Azure,Azure Resource Logs,Microsoft.ContainerService/managedClusters,cloud-controller-manager,,,Resource -> Monitoring -> Diagnostic settings,,,
Azure,Azure Resource Logs,Microsoft.ContainerService/managedClusters,csi-snapshot-controller,,,Resource -> Monitoring -> Diagnostic settings,,,
Azure,Azure Resource Logs,Microsoft.ContainerService/managedClusters,fleet-mcs-controller-manager,,,Resource -> Monitoring -> Diagnostic settings,,,
Azure,Azure Resource Logs,Microsoft.ContainerService/managedClusters,fleet-member-agent,,,Resource -> Monitoring -> Diagnostic settings,,,
Azure,Azure Resource Logs,Microsoft.ContainerService/managedClusters,fleet-member-net-controller-manager,,,Resource -> Monitoring -> Diagnostic settings,,,
Azure,Azure Resource Logs,Microsoft.ContainerService/managedClusters,karpenter-events,,,Resource -> Monitoring -> Diagnostic settings,,,
Azure,Azure Resource Logs,Microsoft.CustomProviders/resourceproviders,AuditLogs,,,Not available in the Azure portal – use Azure CLI / ARM / Azure Policy,,,
Azure,Azure Resource Logs,Microsoft.D365CustomerInsights/instances,Audit,,,Not available in the Azure portal – use Azure CLI / ARM / Azure Policy,,,
Azure,Azure Resource Logs,Microsoft.D365CustomerInsights/instances,Operational,,,Not available in the Azure portal – use Azure CLI / ARM / Azure Policy,,,
Azure,Azure Resource Logs,Microsoft.Dashboard/dashboards,UpdateEvents,,,Resource -> Monitoring -> Diagnostic settings,,,
Azure,Azure Resource Logs,Microsoft.Dashboard/grafana,GrafanaAlertAuthFailure,,,Resource -> Monitoring -> Diagnostic settings,,,
Azure,Azure Resource Logs,Microsoft.Dashboard/grafana,GrafanaLoginEvents,,,Resource -> Monitoring -> Diagnostic settings,,,
Azure,Azure Resource Logs,Microsoft.Dashboard/grafana,GrafanaUsageInsightsEvents,,,Resource -> Monitoring -> Diagnostic settings,,,
Azure,Azure Resource Logs,Microsoft.Databricks/workspaces,Apps,,,Resource -> Monitoring -> Diagnostic settings,,,
Azure,Azure Resource Logs,Microsoft.Databricks/workspaces,BrickStoreHttpGateway,,,Resource -> Monitoring -> Diagnostic settings,,,
Azure,Azure Resource Logs,Microsoft.Databricks/workspaces,BudgetPolicyCentral,,,Resource -> Monitoring -> Diagnostic settings,,,
Azure,Azure Resource Logs,Microsoft.Databricks/workspaces,capsule8Dataplane,,,Resource -> Monitoring -> Diagnostic settings,,,
Azure,Azure Resource Logs,Microsoft.Databricks/workspaces,clamAVScan,,,Resource -> Monitoring -> Diagnostic settings,,,
Azure,Azure Resource Logs,Microsoft.Databricks/workspaces,CloudStorageMetadata,,,Resource -> Monitoring -> Diagnostic settings,,,
Azure,Azure Resource Logs,Microsoft.Databricks/workspaces,clusterLibraries,,,Resource -> Monitoring -> Diagnostic settings,,,
Azure,Azure Resource Logs,Microsoft.Databricks/workspaces,ClusterPolicies,,,Resource -> Monitoring -> Diagnostic settings,,,
Azure,Azure Resource Logs,Microsoft.Databricks/workspaces,Dashboards,,,Resource -> Monitoring -> Diagnostic settings,,,
Azure,Azure Resource Logs,Microsoft.Databricks/workspaces,DataMonitoring,,,Resource -> Monitoring -> Diagnostic settings,,,
Azure,Azure Resource Logs,Microsoft.Databricks/workspaces,DataRooms,,,Resource -> Monitoring -> Diagnostic settings,,,
Azure,Azure Resource Logs,Microsoft.Databricks/workspaces,dbfs,,,Resource -> Monitoring -> Diagnostic settings,,,
Azure,Azure Resource Logs,Microsoft.Databricks/workspaces,deltaPipelines,,,Resource -> Monitoring -> Diagnostic settings,,,
Azure,Azure Resource Logs,Microsoft.Databricks/workspaces,featureStore,,,Resource -> Monitoring -> Diagnostic settings,,,
Azure,Azure Resource Logs,Microsoft.Databricks/workspaces,Files,,,Resource -> Monitoring -> Diagnostic settings,,,
Azure,Azure Resource Logs,Microsoft.Databricks/workspaces,Filesystem,,,Resource -> Monitoring -> Diagnostic settings,,,
Azure,Azure Resource Logs,Microsoft.Databricks/workspaces,genie,,,Resource -> Monitoring -> Diagnostic settings,,,
Azure,Azure Resource Logs,Microsoft.Databricks/workspaces,gitCredentials,,,Resource -> Monitoring -> Diagnostic settings,,,
Azure,Azure Resource Logs,Microsoft.Databricks/workspaces,globalInitScripts,,,Resource -> Monitoring -> Diagnostic settings,,,
Azure,Azure Resource Logs,Microsoft.Databricks/workspaces,Groups,,,Resource -> Monitoring -> Diagnostic settings,,,
Azure,Azure Resource Logs,Microsoft.Databricks/workspaces,iamRole,,,Resource -> Monitoring -> Diagnostic settings,,,
Azure,Azure Resource Logs,Microsoft.Databricks/workspaces,Ingestion,,,Resource -> Monitoring -> Diagnostic settings,,,
Azure,Azure Resource Logs,Microsoft.Databricks/workspaces,instancePools,,,Resource -> Monitoring -> Diagnostic settings,,,
Azure,Azure Resource Logs,Microsoft.Databricks/workspaces,LakeviewConfig,,,Resource -> Monitoring -> Diagnostic settings,,,
Azure,Azure Resource Logs,Microsoft.Databricks/workspaces,LineageTracking,,,Resource -> Monitoring -> Diagnostic settings,,,
Azure,Azure Resource Logs,Microsoft.Databricks/workspaces,MarketplaceConsumer,,,Resource -> Monitoring -> Diagnostic settings,,,
Azure,Azure Resource Logs,Microsoft.Databricks/workspaces,MarketplaceProvider,,,Resource -> Monitoring -> Diagnostic settings,,,
Azure,Azure Resource Logs,Microsoft.Databricks/workspaces,mlflowAcledArtifact,,,Resource -> Monitoring -> Diagnostic settings,,,
Azure,Azure Resource Logs,Microsoft.Databricks/workspaces,mlflowExperiment,,,Resource -> Monitoring -> Diagnostic settings,,,
Azure,Azure Resource Logs,Microsoft.Databricks/workspaces,modelRegistry,,,Resource -> Monitoring -> Diagnostic settings,,,
Azure,Azure Resource Logs,Microsoft.Databricks/workspaces,OnlineTables,,,Resource -> Monitoring -> Diagnostic settings,,,
Azure,Azure Resource Logs,Microsoft.Databricks/workspaces,partnerHub,,,Resource -> Monitoring -> Diagnostic settings,,,
Azure,Azure Resource Logs,Microsoft.Databricks/workspaces,PredictiveOptimization,,,Resource -> Monitoring -> Diagnostic settings,,,
Azure,Azure Resource Logs,Microsoft.Databricks/workspaces,RBAC,,,Resource -> Monitoring -> Diagnostic settings,,,
Azure,Azure Resource Logs,Microsoft.Databricks/workspaces,RemoteHistoryService,,,Resource -> Monitoring -> Diagnostic settings,,,
Azure,Azure Resource Logs,Microsoft.Databricks/workspaces,repos,,,Resource -> Monitoring -> Diagnostic settings,,,
Azure,Azure Resource Logs,Microsoft.Databricks/workspaces,RFA,,,Resource -> Monitoring -> Diagnostic settings,,,
Azure,Azure Resource Logs,Microsoft.Databricks/workspaces,secrets,,,Resource -> Monitoring -> Diagnostic settings,,,
Azure,Azure Resource Logs,Microsoft.Databricks/workspaces,serverlessRealTimeInference,,,Resource -> Monitoring -> Diagnostic settings,,,
Azure,Azure Resource Logs,Microsoft.Databricks/workspaces,sqlanalytics,,,Resource -> Monitoring -> Diagnostic settings,,,
Azure,Azure Resource Logs,Microsoft.Databricks/workspaces,sqlPermissions,,,Resource -> Monitoring -> Diagnostic settings,,,
Azure,Azure Resource Logs,Microsoft.Databricks/workspaces,ssh,,,Resource -> Monitoring -> Diagnostic settings,,,
Azure,Azure Resource Logs,Microsoft.Databricks/workspaces,unityCatalog,,,Resource -> Monitoring -> Diagnostic settings,,,
Azure,Azure Resource Logs,Microsoft.Databricks/workspaces,VectorSearch,,,Resource -> Monitoring -> Diagnostic settings,,,
Azure,Azure Resource Logs,Microsoft.Databricks/workspaces,WebhookNotifications,,,Resource -> Monitoring -> Diagnostic settings,,,
Azure,Azure Resource Logs,Microsoft.Databricks/workspaces,webTerminal,,,Resource -> Monitoring -> Diagnostic settings,,,
Azure,Azure Resource Logs,Microsoft.Databricks/workspaces,workspace,,,Resource -> Monitoring -> Diagnostic settings,,,
Azure,Azure Resource Logs,Microsoft.Databricks/workspaces,WorkspaceFiles,,,Resource -> Monitoring -> Diagnostic settings,,,
Azure,Azure Resource Logs,Microsoft.DataFactory/factories,AirflowDagProcessingLogs,,,Resource -> Monitoring -> Diagnostic settings,,,
Azure,Azure Resource Logs,Microsoft.DataFactory/factories,AirflowSchedulerLogs,,,Resource -> Monitoring -> Diagnostic settings,,,
Azure,Azure Resource Logs,Microsoft.DataFactory/factories,AirflowTaskLogs,,,Resource -> Monitoring -> Diagnostic settings,,,
Azure,Azure Resource Logs,Microsoft.DataFactory/factories,AirflowWebLogs,,,Resource -> Monitoring -> Diagnostic settings,,,
Azure,Azure Resource Logs,Microsoft.DataFactory/factories,AirflowWorkerLogs,,,Resource -> Monitoring -> Diagnostic settings,,,
Azure,Azure Resource Logs,Microsoft.DataFactory/factories,SandboxActivityRuns,,,Resource -> Monitoring -> Diagnostic settings,,,
Azure,Azure Resource Logs,Microsoft.DataFactory/factories,SandboxPipelineRuns,,,Resource -> Monitoring -> Diagnostic settings,,,
Azure,Azure Resource Logs,Microsoft.DataFactory/factories,SSISPackageEventMessageContext,,,Resource -> Monitoring -> Diagnostic settings,,,
Azure,Azure Resource Logs,Microsoft.DataFactory/factories,SSISPackageExecutableStatistics,,,Resource -> Monitoring -> Diagnostic settings,,,
Azure,Azure Resource Logs,Microsoft.DataFactory/factories,SSISPackageExecutionComponentPhases,,,Resource -> Monitoring -> Diagnostic settings,,,
Azure,Azure Resource Logs,Microsoft.DataFactory/factories,SSISPackageExecutionDataStatistics,,,Resource -> Monitoring -> Diagnostic settings,,,
Azure,Azure Resource Logs,Microsoft.DataLakeAnalytics/accounts,Audit,,,Resource -> Monitoring -> Diagnostic settings,,,
Azure,Azure Resource Logs,Microsoft.DataLakeAnalytics/accounts,ConfigurationChange,,,Resource -> Monitoring -> Diagnostic settings,,,
Azure,Azure Resource Logs,Microsoft.DataLakeAnalytics/accounts,JobEvent,,,Resource -> Monitoring -> Diagnostic settings,,,
Azure,Azure Resource Logs,Microsoft.DataLakeAnalytics/accounts,JobInfo,,,Resource -> Monitoring -> Diagnostic settings,,,
Azure,Azure Resource Logs,Microsoft.DataLakeAnalytics/accounts,Requests,,,Resource -> Monitoring -> Diagnostic settings,,,
Azure,Azure Resource Logs,Microsoft.DataLakeStore/accounts,Audit,,,Resource -> Monitoring -> Diagnostic settings,,,
Azure,Azure Resource Logs,Microsoft.DataLakeStore/accounts,Requests,,,Resource -> Monitoring -> Diagnostic settings,,,
Azure,Azure Resource Logs,Microsoft.DataProtection/BackupVaults,AddonAzureBackupJobs,,,Resource -> Monitoring -> Diagnostic settings,,,
Azure,Azure Resource Logs,Microsoft.DataProtection/BackupVaults,AddonAzureBackupPolicy,,,Resource -> Monitoring -> Diagnostic settings,,,
Azure,Azure Resource Logs,Microsoft.DataProtection/BackupVaults,AddonAzureBackupProtectedInstance,,,Resource -> Monitoring -> Diagnostic settings,,,
Azure,Azure Resource Logs,Microsoft.DataProtection/BackupVaults,CoreAzureBackup,,,Resource -> Monitoring -> Diagnostic settings,,,
Azure,Azure Resource Logs,Microsoft.DataReplication/replicationVaults,HealthEvents,,,Resource -> Monitoring -> Diagnostic settings,,,
Azure,Azure Resource Logs,Microsoft.DataReplication/replicationVaults,JobEvents,,,Resource -> Monitoring -> Diagnostic settings,,,
Azure,Azure Resource Logs,Microsoft.DataReplication/replicationVaults,ProtectedItems,,,Resource -> Monitoring -> Diagnostic settings,,,
Azure,Azure Resource Logs,Microsoft.DataReplication/replicationVaults,ReplicationExtensions,,,Resource -> Monitoring -> Diagnostic settings,,,
Azure,Azure Resource Logs,Microsoft.DataReplication/replicationVaults,ReplicationPolicies,,,Resource -> Monitoring -> Diagnostic settings,,,
Azure,Azure Resource Logs,Microsoft.DataReplication/replicationVaults,ReplicationVaults,,,Resource -> Monitoring -> Diagnostic settings,,,
Azure,Azure Resource Logs,Microsoft.DataShare/accounts,ReceivedShareSnapshots,,,Resource -> Monitoring -> Diagnostic settings,,,
Azure,Azure Resource Logs,Microsoft.DataShare/accounts,SentShareSnapshots,,,Resource -> Monitoring -> Diagnostic settings,,,
Azure,Azure Resource Logs,Microsoft.DataShare/accounts,Shares,,,Resource -> Monitoring -> Diagnostic settings,,,
Azure,Azure Resource Logs,Microsoft.DataShare/accounts,ShareSubscriptions,,,Resource -> Monitoring -> Diagnostic settings,,,
Azure,Azure Resource Logs,Microsoft.DBforMariaDB/servers,MySqlAuditLogs,,,Resource -> Monitoring -> Diagnostic settings,,,
Azure,Azure Resource Logs,Microsoft.DBforMariaDB/servers,MySqlSlowLogs,,,Resource -> Monitoring -> Diagnostic settings,,,
Azure,Azure Resource Logs,Microsoft.DBforMySQL/flexibleServers,MySqlAuditLogs,,,Resource -> Monitoring -> Diagnostic settings,,,
Azure,Azure Resource Logs,Microsoft.DBforMySQL/flexibleServers,MySqlSlowLogs,,,Resource -> Monitoring -> Diagnostic settings,,,
Azure,Azure Resource Logs,Microsoft.DBforMySQL/servers,MySqlAuditLogs,,,Resource -> Monitoring -> Diagnostic settings,,,
Azure,Azure Resource Logs,Microsoft.DBforMySQL/servers,MySqlSlowLogs,,,Resource -> Monitoring -> Diagnostic settings,,,
Azure,Azure Resource Logs,Microsoft.DBforPostgreSQL/flexibleServers,PostgreSQLFlexDatabaseXacts,,,Resource -> Monitoring -> Diagnostic settings,,,
Azure,Azure Resource Logs,Microsoft.DBforPostgreSQL/flexibleServers,PostgreSQLFlexPGBouncer,,,Resource -> Monitoring -> Diagnostic settings,,,
Azure,Azure Resource Logs,Microsoft.DBforPostgreSQL/flexibleServers,PostgreSQLFlexQueryStoreRuntime,,,Resource -> Monitoring -> Diagnostic settings,,,
Azure,Azure Resource Logs,Microsoft.DBforPostgreSQL/flexibleServers,PostgreSQLFlexQueryStoreWaitStats,,,Resource -> Monitoring -> Diagnostic settings,,,
Azure,Azure Resource Logs,Microsoft.DBforPostgreSQL/flexibleServers,PostgreSQLFlexSessions,,,Resource -> Monitoring -> Diagnostic settings,,,
Azure,Azure Resource Logs,Microsoft.DBforPostgreSQL/flexibleServers,PostgreSQLFlexTableStats,,,Resource -> Monitoring -> Diagnostic settings,,,
Azure,Azure Resource Logs,Microsoft.DBforPostgreSQL/flexibleServers,PostgreSQLLogs,,,Resource -> Monitoring -> Diagnostic settings,,,
Azure,Azure Resource Logs,Microsoft.DBforPostgreSQL/flexibleServers,PostgreSQLQueryStoreSqlText,,,Resource -> Monitoring -> Diagnostic settings,,,
Azure,Azure Resource Logs,Microsoft.DBForPostgreSQL/serverGroupsv2,PostgreSQLLogs,,,Resource -> Monitoring -> Diagnostic settings,,,
Azure,Azure Resource Logs,Microsoft.DBforPostgreSQL/servers,`PostgreSQLLogs`,,,Resource -> Monitoring -> Diagnostic settings,,,
Azure,Azure Resource Logs,Microsoft.DBforPostgreSQL/servers,`QueryStoreRuntimeStatistics`,,,Resource -> Monitoring -> Diagnostic settings,,,
Azure,Azure Resource Logs,Microsoft.DBforPostgreSQL/servers,`QueryStoreWaitStatistics`,,,Resource -> Monitoring -> Diagnostic settings,,,
Azure,Azure Resource Logs,Microsoft.DBforPostgreSQL/serversv2,`PostgreSQLLogs`,,,Resource -> Monitoring -> Diagnostic settings,,,
Azure,Azure Resource Logs,Microsoft.DesktopVirtualization/appAttachPackages,Management,,,Resource -> Monitoring -> Diagnostic settings,,,
Azure,Azure Resource Logs,Microsoft.DesktopVirtualization/applicationgroups,Checkpoint,,,Resource -> Monitoring -> Diagnostic settings,,,
Azure,Azure Resource Logs,Microsoft.DesktopVirtualization/applicationgroups,Error,,,Resource -> Monitoring -> Diagnostic settings,,,
Azure,Azure Resource Logs,Microsoft.DesktopVirtualization/hostpools,AgentHealthStatus,,,Resource -> Monitoring -> Diagnostic settings,,,
Azure,Azure Resource Logs,Microsoft.DesktopVirtualization/hostpools,AutoscaleEvaluationPooled,,,Resource -> Monitoring -> Diagnostic settings,,,
Azure,Azure Resource Logs,Microsoft.DesktopVirtualization/hostpools,ConnectionGraphicsData,,,Resource -> Monitoring -> Diagnostic settings,,,
Azure,Azure Resource Logs,Microsoft.DesktopVirtualization/hostpools,MultiLinkAdd,,,Resource -> Monitoring -> Diagnostic settings,,,
Azure,Azure Resource Logs,Microsoft.DesktopVirtualization/hostpools,NetworkData,,,Resource -> Monitoring -> Diagnostic settings,,,
Azure,Azure Resource Logs,Microsoft.DesktopVirtualization/hostpools,SessionHostManagement,,,Resource -> Monitoring -> Diagnostic settings,,,
Azure,Azure Resource Logs,Microsoft.DesktopVirtualization/repositoryfolders,Management,,,Not available in the Azure portal – use Azure CLI / ARM / Azure Policy,,,
Azure,Azure Resource Logs,Microsoft.DesktopVirtualization/scalingplans,Autoscale,,,Resource -> Monitoring -> Diagnostic settings,,,
Azure,Azure Resource Logs,Microsoft.DesktopVirtualization/workspaces,Checkpoint,,,Resource -> Monitoring -> Diagnostic settings,,,
Azure,Azure Resource Logs,Microsoft.DesktopVirtualization/workspaces,Error,,,Resource -> Monitoring -> Diagnostic settings,,,
Azure,Azure Resource Logs,Microsoft.DevCenter/devcenters,AgentHealthStatus,,,Resource -> Monitoring -> Diagnostic settings,,,
Azure,Azure Resource Logs,Microsoft.DevCenter/devcenters,ConnectionEvent,,,Resource -> Monitoring -> Diagnostic settings,,,
Azure,Azure Resource Logs,Microsoft.DevCenter/devcenters,DataplaneAuditEvent,,,Resource -> Monitoring -> Diagnostic settings,,,
Azure,Azure Resource Logs,Microsoft.DevCenter/devcenters,ResourceOperation,,,Resource -> Monitoring -> Diagnostic settings,,,
Azure,Azure Resource Logs,Microsoft.DevCenter/devcenters,Usage,,,Resource -> Monitoring -> Diagnostic settings,,,
Azure,Azure Resource Logs,Microsoft.Devices/IotHubs,C2DCommands,,,Resource -> Monitoring -> Diagnostic settings,,,
Azure,Azure Resource Logs,Microsoft.Devices/IotHubs,C2DTwinOperations,,,Resource -> Monitoring -> Diagnostic settings,,,
Azure,Azure Resource Logs,Microsoft.Devices/IotHubs,Configurations,,,Resource -> Monitoring -> Diagnostic settings,,,
Azure,Azure Resource Logs,Microsoft.Devices/IotHubs,Connections,,,Resource -> Monitoring -> Diagnostic settings,,,
Azure,Azure Resource Logs,Microsoft.Devices/IotHubs,D2CTwinOperations,,,Resource -> Monitoring -> Diagnostic settings,,,
Azure,Azure Resource Logs,Microsoft.Devices/IotHubs,DeviceIdentityOperations,,,Resource -> Monitoring -> Diagnostic settings,,,
Azure,Azure Resource Logs,Microsoft.Devices/IotHubs,DeviceStreams,,,Resource -> Monitoring -> Diagnostic settings,,,
Azure,Azure Resource Logs,Microsoft.Devices/IotHubs,DeviceTelemetry,,,Resource -> Monitoring -> Diagnostic settings,,,
Azure,Azure Resource Logs,Microsoft.Devices/IotHubs,DirectMethods,,,Resource -> Monitoring -> Diagnostic settings,,,
Azure,Azure Resource Logs,Microsoft.Devices/IotHubs,DistributedTracing,,,Resource -> Monitoring -> Diagnostic settings,,,
Azure,Azure Resource Logs,Microsoft.Devices/IotHubs,FileUploadOperations,,,Resource -> Monitoring -> Diagnostic settings,,,
Azure,Azure Resource Logs,Microsoft.Devices/IotHubs,JobsOperations,,,Resource -> Monitoring -> Diagnostic settings,,,
Azure,Azure Resource Logs,Microsoft.Devices/IotHubs,Routes,,,Resource -> Monitoring -> Diagnostic settings,,,
Azure,Azure Resource Logs,Microsoft.Devices/IotHubs,TwinQueries,,,Resource -> Monitoring -> Diagnostic settings,,,
Azure,Azure Resource Logs,Microsoft.Devices/provisioningServices,DeviceOperations,,,Resource -> Monitoring -> Diagnostic settings,,,
Azure,Azure Resource Logs,Microsoft.Devices/provisioningServices,ServiceOperations,,,Resource -> Monitoring -> Diagnostic settings,,,
Azure,Azure Resource Logs,Microsoft.DigitalTwins/digitalTwinsInstances,DataHistoryOperation,,,Resource -> Monitoring -> Diagnostic settings,,,
Azure,Azure Resource Logs,Microsoft.DigitalTwins/digitalTwinsInstances,DigitalTwinsOperation,,,Resource -> Monitoring -> Diagnostic settings,,,
Azure,Azure Resource Logs,Microsoft.DigitalTwins/digitalTwinsInstances,EventRoutesOperation,,,Resource -> Monitoring -> Diagnostic settings,,,
Azure,Azure Resource Logs,Microsoft.DigitalTwins/digitalTwinsInstances,ModelsOperation,,,Resource -> Monitoring -> Diagnostic settings,,,
Azure,Azure Resource Logs,Microsoft.DigitalTwins/digitalTwinsInstances,QueryOperation,,,Resource -> Monitoring -> Diagnostic settings,,,
Azure,Azure Resource Logs,Microsoft.DigitalTwins/digitalTwinsInstances,ResourceProviderOperation,,,Resource -> Monitoring -> Diagnostic settings,,,
Azure,Azure Resource Logs,Microsoft.Discovery/bookshelves,BookshelvesAudit,,,Resource -> Monitoring -> Diagnostic settings,,,
Azure,Azure Resource Logs,Microsoft.Discovery/supercomputers,SupercomputersAudit,,,Resource -> Monitoring -> Diagnostic settings,,,
Azure,Azure Resource Logs,Microsoft.Discovery/workspaces,WorkspacesAudit,,,Resource -> Monitoring -> Diagnostic settings,,,
Azure,Azure Resource Logs,Microsoft.DocumentDB/cassandraClusters,CassandraAudit,,,Resource -> Monitoring -> Diagnostic settings,,,
Azure,Azure Resource Logs,Microsoft.DocumentDB/cassandraClusters,CassandraLogs,,,Resource -> Monitoring -> Diagnostic settings,,,
Azure,Azure Resource Logs,Microsoft.DocumentDB/databaseAccounts,CassandraRequests,,,Resource -> Monitoring -> Diagnostic settings,,,
Azure,Azure Resource Logs,Microsoft.DocumentDB/databaseAccounts,DataPlaneRequests15M,,,Resource -> Monitoring -> Diagnostic settings,,,
Azure,Azure Resource Logs,Microsoft.DocumentDB/databaseAccounts,DataPlaneRequests5M,,,Resource -> Monitoring -> Diagnostic settings,,,
Azure,Azure Resource Logs,Microsoft.DocumentDB/databaseAccounts,GremlinRequests,,,Resource -> Monitoring -> Diagnostic settings,,,
Azure,Azure Resource Logs,Microsoft.DocumentDB/databaseAccounts,PartitionKeyRUConsumption,,,Resource -> Monitoring -> Diagnostic settings,,,
Azure,Azure Resource Logs,Microsoft.DocumentDB/databaseAccounts,TableApiRequests,,,Resource -> Monitoring -> Diagnostic settings,,,
Azure,Azure Resource Logs,Microsoft.DocumentDB/mongoClusters,vCoreMongoRequests,,,Resource -> Monitoring -> Diagnostic settings,,,
Azure,Azure Resource Logs,Microsoft.DurableTask/schedulers,dtslog,,,Resource -> Monitoring -> Diagnostic settings,,,
Azure,Azure Resource Logs,Microsoft.Edge/diagnostics,UserAudits,,,Not available in the Azure portal – use Azure CLI / ARM / Azure Policy,,,
Azure,Azure Resource Logs,Microsoft.Edge/diagnostics,UserDiagnostics,,,Not available in the Azure portal – use Azure CLI / ARM / Azure Policy,,,
Azure,Azure Resource Logs,Microsoft.EventGrid/domains,DataPlaneRequests,,,Resource -> Monitoring -> Diagnostic settings,,,
Azure,Azure Resource Logs,Microsoft.EventGrid/domains,DeliveryFailures,,,Resource -> Monitoring -> Diagnostic settings,,,
Azure,Azure Resource Logs,Microsoft.EventGrid/domains,PublishFailures,,,Resource -> Monitoring -> Diagnostic settings,,,
Azure,Azure Resource Logs,Microsoft.EventGrid/namespaces,AutoscaleLogs,,,Resource -> Monitoring -> Diagnostic settings,,,
Azure,Azure Resource Logs,Microsoft.EventGrid/namespaces,FailedHttpDataPlaneOperations,,,Resource -> Monitoring -> Diagnostic settings,,,
Azure,Azure Resource Logs,Microsoft.EventGrid/namespaces,FailedMqttConnections,,,Resource -> Monitoring -> Diagnostic settings,,,
Azure,Azure Resource Logs,Microsoft.EventGrid/namespaces,FailedMqttPublishedMessages,,,Resource -> Monitoring -> Diagnostic settings,,,
Azure,Azure Resource Logs,Microsoft.EventGrid/namespaces,FailedMqttSubscriptionOperations,,,Resource -> Monitoring -> Diagnostic settings,,,
Azure,Azure Resource Logs,Microsoft.EventGrid/namespaces,MqttDisconnections,,,Resource -> Monitoring -> Diagnostic settings,,,
Azure,Azure Resource Logs,Microsoft.EventGrid/namespaces,SuccessfulHttpDataPlaneOperations,,,Resource -> Monitoring -> Diagnostic settings,,,
Azure,Azure Resource Logs,Microsoft.EventGrid/namespaces,SuccessfulMqttConnections,,,Resource -> Monitoring -> Diagnostic settings,,,
Azure,Azure Resource Logs,Microsoft.EventGrid/partnerNamespaces,DataPlaneRequests,,,Resource -> Monitoring -> Diagnostic settings,,,
Azure,Azure Resource Logs,Microsoft.EventGrid/partnerNamespaces,PublishFailures,,,Resource -> Monitoring -> Diagnostic settings,,,
Azure,Azure Resource Logs,Microsoft.EventGrid/partnerTopics,DeliveryFailures,,,Resource -> Monitoring -> Diagnostic settings,,,
Azure,Azure Resource Logs,Microsoft.EventGrid/systemTopics,DeliveryFailures,,,Resource -> Monitoring -> Diagnostic settings,,,
Azure,Azure Resource Logs,Microsoft.EventGrid/topics,DataPlaneRequests,,,Resource -> Monitoring -> Diagnostic settings,,,
Azure,Azure Resource Logs,Microsoft.EventGrid/topics,DeliveryFailures,,,Resource -> Monitoring -> Diagnostic settings,,,
Azure,Azure Resource Logs,Microsoft.EventGrid/topics,PublishFailures,,,Resource -> Monitoring -> Diagnostic settings,,,
Azure,Azure Resource Logs,Microsoft.EventHub/namespaces,ApplicationMetricsLogs,,,Resource -> Monitoring -> Diagnostic settings,,,
Azure,Azure Resource Logs,Microsoft.EventHub/namespaces,ArchiveLogs,,,Resource -> Monitoring -> Diagnostic settings,,,
Azure,Azure Resource Logs,Microsoft.EventHub/namespaces,AutoScaleLogs,,,Resource -> Monitoring -> Diagnostic settings,,,
Azure,Azure Resource Logs,Microsoft.EventHub/namespaces,CustomerManagedKeyUserLogs,,,Resource -> Monitoring -> Diagnostic settings,,,
Azure,Azure Resource Logs,Microsoft.EventHub/namespaces,DataDRLogs,,,Resource -> Monitoring -> Diagnostic settings,,,
Azure,Azure Resource Logs,Microsoft.EventHub/namespaces,EventHubVNetConnectionEvent,,,Resource -> Monitoring -> Diagnostic settings,,,
Azure,Azure Resource Logs,Microsoft.EventHub/namespaces,KafkaCoordinatorLogs,,,Resource -> Monitoring -> Diagnostic settings,,,
Azure,Azure Resource Logs,Microsoft.EventHub/namespaces,KafkaUserErrorLogs,,,Resource -> Monitoring -> Diagnostic settings,,,
Azure,Azure Resource Logs,Microsoft.HardwareSecurityModules/cloudHsmClusters,HsmOperations,,,Resource -> Monitoring -> Diagnostic settings,,,
Azure,Azure Resource Logs,Microsoft.HardwareSecurityModules/cloudHsmClusters,HsmServiceOperations,,,Resource -> Monitoring -> Diagnostic settings,,,
Azure,Azure Resource Logs,Microsoft.HardwareSecurityModules/paymentHsmClusters,HsmOperations,,,Not available in the Azure portal – use Azure CLI / ARM / Azure Policy,,,
Azure,Azure Resource Logs,Microsoft.HealthcareApis/services,AuditLogs,,,Resource -> Monitoring -> Diagnostic settings,,,
Azure,Azure Resource Logs,Microsoft.HealthcareApis/services,DiagnosticLogs,,,Resource -> Monitoring -> Diagnostic settings,,,
Azure,Azure Resource Logs,Microsoft.HealthcareApis/workspaces/dicomservices,AuditLogs,,,Resource -> Monitoring -> Diagnostic settings,,,
Azure,Azure Resource Logs,Microsoft.HealthcareApis/workspaces/dicomservices,DiagnosticLogs,,,Resource -> Monitoring -> Diagnostic settings,,,
Azure,Azure Resource Logs,Microsoft.HealthcareApis/workspaces/fhirservices,AuditLogs,,,Resource -> Monitoring -> Diagnostic settings,,,
Azure,Azure Resource Logs,Microsoft.HealthcareApis/workspaces/iotconnectors,DiagnosticLogs,,,Resource -> Monitoring -> Diagnostic settings,,,
Azure,Azure Resource Logs,Microsoft.HealthcareInterop/fhirQueryEventBatchChannels,DiagnosticLogs,,,Not available in the Azure portal – use Azure CLI / ARM / Azure Policy,,,
Azure,Azure Resource Logs,Microsoft.HealthcareInterop/fhirQueryFlatFileBatchChannels,DiagnosticLogs,,,Not available in the Azure portal – use Azure CLI / ARM / Azure Policy,,,
Azure,Azure Resource Logs,Microsoft.HealthDataAIServices/deidServices,AuditLogs,,,Resource -> Monitoring -> Diagnostic settings,,,
Azure,Azure Resource Logs,Microsoft.HorizonDB/clusters,HorizonDBAutovacuumStats,,,Resource -> Monitoring -> Diagnostic settings,,,
Azure,Azure Resource Logs,Microsoft.HorizonDB/clusters,HorizonDBPgStatActivitySessions,,,Resource -> Monitoring -> Diagnostic settings,,,
Azure,Azure Resource Logs,Microsoft.HorizonDB/clusters,HorizonDBQueryStoreQueryText,,,Resource -> Monitoring -> Diagnostic settings,,,
Azure,Azure Resource Logs,Microsoft.HorizonDB/clusters,HorizonDBQueryStoreRuntimeStats,,,Resource -> Monitoring -> Diagnostic settings,,,
Azure,Azure Resource Logs,Microsoft.HorizonDB/clusters,HorizonDBQueryStoreWaitsStats,,,Resource -> Monitoring -> Diagnostic settings,,,
Azure,Azure Resource Logs,Microsoft.HorizonDB/clusters,HorizonDBServerLogs,,,Resource -> Monitoring -> Diagnostic settings,,,
Azure,Azure Resource Logs,Microsoft.HorizonDB/clusters,HorizonDBTransactionsStats,,,Resource -> Monitoring -> Diagnostic settings,,,
Azure,Azure Resource Logs,microsoft.insights/autoscalesettings,AutoscaleEvaluations,,,Resource -> Monitoring -> Diagnostic settings,,,
Azure,Azure Resource Logs,microsoft.insights/autoscalesettings,AutoscaleScaleActions,,,Resource -> Monitoring -> Diagnostic settings,,,
Azure,Azure Resource Logs,Microsoft.Insights/components,AppAvailabilityResults,,,Resource -> Monitoring -> Diagnostic settings,,,
Azure,Azure Resource Logs,Microsoft.Insights/components,AppBrowserTimings,,,Resource -> Monitoring -> Diagnostic settings,,,
Azure,Azure Resource Logs,Microsoft.Insights/components,AppDependencies,,,Resource -> Monitoring -> Diagnostic settings,,,
Azure,Azure Resource Logs,Microsoft.Insights/components,AppEvents,,,Resource -> Monitoring -> Diagnostic settings,,,
Azure,Azure Resource Logs,Microsoft.Insights/components,AppExceptions,,,Resource -> Monitoring -> Diagnostic settings,,,
Azure,Azure Resource Logs,Microsoft.Insights/components,AppMetrics,,,Resource -> Monitoring -> Diagnostic settings,,,
Azure,Azure Resource Logs,Microsoft.Insights/components,AppPageViews,,,Resource -> Monitoring -> Diagnostic settings,,,
Azure,Azure Resource Logs,Microsoft.Insights/components,AppPerformanceCounters,,,Resource -> Monitoring -> Diagnostic settings,,,
Azure,Azure Resource Logs,Microsoft.Insights/components,AppRequests,,,Resource -> Monitoring -> Diagnostic settings,,,
Azure,Azure Resource Logs,Microsoft.Insights/components,AppSystemEvents,,,Resource -> Monitoring -> Diagnostic settings,,,
Azure,Azure Resource Logs,Microsoft.Insights/components,AppTraces,,,Resource -> Monitoring -> Diagnostic settings,,,
Azure,Azure Resource Logs,Microsoft.Insights/components,OTelResources,,,Resource -> Monitoring -> Diagnostic settings,,,
Azure,Azure Resource Logs,Microsoft.Insights/datacollectionrules,LogErrors,,,Resource -> Monitoring -> Diagnostic settings,,,
Azure,Azure Resource Logs,microsoft.keyvault/managedhsms,AuditEvent,,,Resource -> Monitoring -> Diagnostic settings,,,
Azure,Azure Resource Logs,Microsoft.Kubernetes/connectedClusters,cloud-controller-manager,,,Resource -> Monitoring -> Diagnostic settings,,,
Azure,Azure Resource Logs,Microsoft.Kubernetes/connectedClusters,cluster-autoscaler,,,Resource -> Monitoring -> Diagnostic settings,,,
Azure,Azure Resource Logs,Microsoft.Kubernetes/connectedClusters,csi-aksarcdisk-controller,,,Resource -> Monitoring -> Diagnostic settings,,,
Azure,Azure Resource Logs,Microsoft.Kubernetes/connectedClusters,csi-aksarcnfs-controller,,,Resource -> Monitoring -> Diagnostic settings,,,
Azure,Azure Resource Logs,Microsoft.Kubernetes/connectedClusters,csi-aksarcsmb-controller,,,Resource -> Monitoring -> Diagnostic settings,,,
Azure,Azure Resource Logs,Microsoft.Kubernetes/connectedClusters,guard,,,Resource -> Monitoring -> Diagnostic settings,,,
Azure,Azure Resource Logs,Microsoft.Kubernetes/connectedClusters,kube-apiserver,,,Resource -> Monitoring -> Diagnostic settings,,,
Azure,Azure Resource Logs,Microsoft.Kubernetes/connectedClusters,kube-audit,,,Resource -> Monitoring -> Diagnostic settings,,,
Azure,Azure Resource Logs,Microsoft.Kubernetes/connectedClusters,kube-audit-admin,,,Resource -> Monitoring -> Diagnostic settings,,,
Azure,Azure Resource Logs,Microsoft.Kubernetes/connectedClusters,kube-controller-manager,,,Resource -> Monitoring -> Diagnostic settings,,,
Azure,Azure Resource Logs,Microsoft.Kubernetes/connectedClusters,kube-scheduler,,,Resource -> Monitoring -> Diagnostic settings,,,
Azure,Azure Resource Logs,Microsoft.Kusto/clusters,DataOperation,,,Resource -> Monitoring -> Diagnostic settings,,,
Azure,Azure Resource Logs,Microsoft.Kusto/clusters,FailedIngestion,,,Resource -> Monitoring -> Diagnostic settings,,,
Azure,Azure Resource Logs,Microsoft.Kusto/clusters,IngestionBatching,,,Resource -> Monitoring -> Diagnostic settings,,,
Azure,Azure Resource Logs,Microsoft.Kusto/clusters,Journal,,,Resource -> Monitoring -> Diagnostic settings,,,
Azure,Azure Resource Logs,Microsoft.Kusto/clusters,SucceededIngestion,,,Resource -> Monitoring -> Diagnostic settings,,,
Azure,Azure Resource Logs,Microsoft.Kusto/clusters,TableDetails,,,Resource -> Monitoring -> Diagnostic settings,,,
Azure,Azure Resource Logs,Microsoft.Kusto/clusters,TableUsageStatistics,,,Resource -> Monitoring -> Diagnostic settings,,,
Azure,Azure Resource Logs,microsoft.loadtestservice/loadtests,OperationLogs,,,Resource -> Monitoring -> Diagnostic settings,,,
Azure,Azure Resource Logs,Microsoft.Logic/automationProjects,WorkflowRuntime,,,Not available in the Azure portal – use Azure CLI / ARM / Azure Policy,,,
Azure,Azure Resource Logs,Microsoft.Logic/automationProjects/applications,WorkflowRuntime,,,Not available in the Azure portal – use Azure CLI / ARM / Azure Policy,,,
Azure,Azure Resource Logs,Microsoft.Logic/IntegrationAccounts,IntegrationAccountTrackingEvents,,,Resource -> Monitoring -> Diagnostic settings,,,
Azure,Azure Resource Logs,Microsoft.MachineLearningServices/registries,RegistryAssetReadEvent,,,Resource -> Monitoring -> Diagnostic settings,,,
Azure,Azure Resource Logs,Microsoft.MachineLearningServices/registries,RegistryAssetWriteEvent,,,Resource -> Monitoring -> Diagnostic settings,,,
Azure,Azure Resource Logs,Microsoft.MachineLearningServices/workspaces,AmlComputeClusterNodeEvent,,,Resource -> Monitoring -> Diagnostic settings,,,
Azure,Azure Resource Logs,Microsoft.MachineLearningServices/workspaces,AmlComputeCpuGpuUtilization,,,Resource -> Monitoring -> Diagnostic settings,,,
Azure,Azure Resource Logs,Microsoft.MachineLearningServices/workspaces,ComputeInstanceEvent,,,Resource -> Monitoring -> Diagnostic settings,,,
Azure,Azure Resource Logs,Microsoft.MachineLearningServices/workspaces,DataLabelChangeEvent,,,Resource -> Monitoring -> Diagnostic settings,,,
Azure,Azure Resource Logs,Microsoft.MachineLearningServices/workspaces,DataLabelReadEvent,,,Resource -> Monitoring -> Diagnostic settings,,,
Azure,Azure Resource Logs,Microsoft.MachineLearningServices/workspaces,DataSetChangeEvent,,,Resource -> Monitoring -> Diagnostic settings,,,
Azure,Azure Resource Logs,Microsoft.MachineLearningServices/workspaces,DataSetReadEvent,,,Resource -> Monitoring -> Diagnostic settings,,,
Azure,Azure Resource Logs,Microsoft.MachineLearningServices/workspaces,DataStoreChangeEvent,,,Resource -> Monitoring -> Diagnostic settings,,,
Azure,Azure Resource Logs,Microsoft.MachineLearningServices/workspaces,DataStoreReadEvent,,,Resource -> Monitoring -> Diagnostic settings,,,
Azure,Azure Resource Logs,Microsoft.MachineLearningServices/workspaces,DeploymentEventACI,,,Resource -> Monitoring -> Diagnostic settings,,,
Azure,Azure Resource Logs,Microsoft.MachineLearningServices/workspaces,DeploymentEventAKS,,,Resource -> Monitoring -> Diagnostic settings,,,
Azure,Azure Resource Logs,Microsoft.MachineLearningServices/workspaces,DeploymentReadEvent,,,Resource -> Monitoring -> Diagnostic settings,,,
Azure,Azure Resource Logs,Microsoft.MachineLearningServices/workspaces,EnvironmentChangeEvent,,,Resource -> Monitoring -> Diagnostic settings,,,
Azure,Azure Resource Logs,Microsoft.MachineLearningServices/workspaces,EnvironmentReadEvent,,,Resource -> Monitoring -> Diagnostic settings,,,
Azure,Azure Resource Logs,Microsoft.MachineLearningServices/workspaces,InferencingOperationACI,,,Resource -> Monitoring -> Diagnostic settings,,,
Azure,Azure Resource Logs,Microsoft.MachineLearningServices/workspaces,InferencingOperationAKS,,,Resource -> Monitoring -> Diagnostic settings,,,
Azure,Azure Resource Logs,Microsoft.MachineLearningServices/workspaces,ManagedNetworkEvent,,,Resource -> Monitoring -> Diagnostic settings,,,
Azure,Azure Resource Logs,Microsoft.MachineLearningServices/workspaces,ModelsActionEvent,,,Resource -> Monitoring -> Diagnostic settings,,,
Azure,Azure Resource Logs,Microsoft.MachineLearningServices/workspaces,ModelsChangeEvent,,,Resource -> Monitoring -> Diagnostic settings,,,
Azure,Azure Resource Logs,Microsoft.MachineLearningServices/workspaces,ModelsReadEvent,,,Resource -> Monitoring -> Diagnostic settings,,,
Azure,Azure Resource Logs,Microsoft.MachineLearningServices/workspaces,PipelineChangeEvent,,,Resource -> Monitoring -> Diagnostic settings,,,
Azure,Azure Resource Logs,Microsoft.MachineLearningServices/workspaces,PipelineReadEvent,,,Resource -> Monitoring -> Diagnostic settings,,,
Azure,Azure Resource Logs,Microsoft.MachineLearningServices/workspaces,RunEvent,,,Resource -> Monitoring -> Diagnostic settings,,,
Azure,Azure Resource Logs,Microsoft.MachineLearningServices/workspaces,RunReadEvent,,,Resource -> Monitoring -> Diagnostic settings,,,
Azure,Azure Resource Logs,Microsoft.MachineLearningServices/workspaces/onlineEndpoints,AmlOnlineEndpointConsoleLog,,,Resource -> Monitoring -> Diagnostic settings,,,
Azure,Azure Resource Logs,Microsoft.MachineLearningServices/workspaces/onlineEndpoints,AmlOnlineEndpointEventLog,,,Resource -> Monitoring -> Diagnostic settings,,,
Azure,Azure Resource Logs,Microsoft.MachineLearningServices/workspaces/onlineEndpoints,AmlOnlineEndpointTrafficLog,,,Resource -> Monitoring -> Diagnostic settings,,,
Azure,Azure Resource Logs,Microsoft.ManagedNetworkFabric/networkDevices,BfdStateUpdates,,,Resource -> Monitoring -> Diagnostic settings,,,
Azure,Azure Resource Logs,Microsoft.ManagedNetworkFabric/networkDevices,ComponentStateUpdates,,,Resource -> Monitoring -> Diagnostic settings,,,
Azure,Azure Resource Logs,Microsoft.ManagedNetworkFabric/networkDevices,InterfaceGeneralEvents,,,Resource -> Monitoring -> Diagnostic settings,,,
Azure,Azure Resource Logs,Microsoft.ManagedNetworkFabric/networkDevices,InterfaceStateUpdates,,,Resource -> Monitoring -> Diagnostic settings,,,
Azure,Azure Resource Logs,Microsoft.ManagedNetworkFabric/networkDevices,InterfaceVxlanUpdates,,,Resource -> Monitoring -> Diagnostic settings,,,
Azure,Azure Resource Logs,Microsoft.ManagedNetworkFabric/networkDevices,NetworkInstanceBgpNeighborUpdates,,,Resource -> Monitoring -> Diagnostic settings,,,
Azure,Azure Resource Logs,Microsoft.ManagedNetworkFabric/networkDevices,NetworkInstanceUpdates,,,Resource -> Monitoring -> Diagnostic settings,,,
Azure,Azure Resource Logs,Microsoft.ManagedNetworkFabric/networkDevices,SystemSessionHistoryUpdates,,,Resource -> Monitoring -> Diagnostic settings,,,
Azure,Azure Resource Logs,Microsoft.ManagedNetworkFabric/networkDevices,SystemStateMessageUpdates,,,Resource -> Monitoring -> Diagnostic settings,,,
Azure,Azure Resource Logs,Microsoft.Monitor/accounts,MetricsUsageDetails,,,Resource -> Monitoring -> Diagnostic settings,,,
Azure,Azure Resource Logs,Microsoft.Monitor/pipelineGroups,LogErrors,,,Not available in the Azure portal – use Azure CLI / ARM / Azure Policy,,,
Azure,Azure Resource Logs,Microsoft.NetApp/netAppAccounts/capacityPools,Autoscale,,,Resource -> Monitoring -> Diagnostic settings,,,
Azure,Azure Resource Logs,Microsoft.NetApp/netAppAccounts/capacityPools/caches,ANFFileAccess,,,Resource -> Monitoring -> Diagnostic settings,,,
Azure,Azure Resource Logs,Microsoft.Network/azureFirewalls,AZFWApplicationRule,,,Resource -> Monitoring -> Diagnostic settings,,,
Azure,Azure Resource Logs,Microsoft.Network/azureFirewalls,AZFWApplicationRuleAggregation,,,Resource -> Monitoring -> Diagnostic settings,,,
Azure,Azure Resource Logs,Microsoft.Network/azureFirewalls,AZFWDnsAdditional,,,Resource -> Monitoring -> Diagnostic settings,,,
Azure,Azure Resource Logs,Microsoft.Network/azureFirewalls,AZFWDnsQuery,,,Resource -> Monitoring -> Diagnostic settings,,,
Azure,Azure Resource Logs,Microsoft.Network/azureFirewalls,AZFWFatFlow,,,Resource -> Monitoring -> Diagnostic settings,,,
Azure,Azure Resource Logs,Microsoft.Network/azureFirewalls,AZFWFlowTrace,,,Resource -> Monitoring -> Diagnostic settings,,,
Azure,Azure Resource Logs,Microsoft.Network/azureFirewalls,AZFWFqdnResolveFailure,,,Resource -> Monitoring -> Diagnostic settings,,,
Azure,Azure Resource Logs,Microsoft.Network/azureFirewalls,AZFWIdpsSignature,,,Resource -> Monitoring -> Diagnostic settings,,,
Azure,Azure Resource Logs,Microsoft.Network/azureFirewalls,AZFWNatRule,,,Resource -> Monitoring -> Diagnostic settings,,,
Azure,Azure Resource Logs,Microsoft.Network/azureFirewalls,AZFWNatRuleAggregation,,,Resource -> Monitoring -> Diagnostic settings,,,
Azure,Azure Resource Logs,Microsoft.Network/azureFirewalls,AZFWNetworkRule,,,Resource -> Monitoring -> Diagnostic settings,,,
Azure,Azure Resource Logs,Microsoft.Network/azureFirewalls,AZFWNetworkRuleAggregation,,,Resource -> Monitoring -> Diagnostic settings,,,
Azure,Azure Resource Logs,Microsoft.Network/azureFirewalls,AZFWThreatIntel,,,Resource -> Monitoring -> Diagnostic settings,,,
Azure,Azure Resource Logs,microsoft.network/bastionHosts,BastionAuditLogs,,,Resource -> Monitoring -> Diagnostic settings,,,
Azure,Azure Resource Logs,Microsoft.Network/dnsResolverPolicies,DnsResponse,,,Resource -> Monitoring -> Diagnostic settings,,,
Azure,Azure Resource Logs,Microsoft.Network/expressRouteCircuits,PeeringRouteLog,,,Resource -> Monitoring -> Diagnostic settings,,,
Azure,Azure Resource Logs,Microsoft.Network/frontdoors,FrontdoorAccessLog,,,Resource -> Monitoring -> Diagnostic settings,,,
Azure,Azure Resource Logs,Microsoft.Network/frontdoors,FrontdoorWebApplicationFirewallLog,,,Resource -> Monitoring -> Diagnostic settings,,,
Azure,Azure Resource Logs,Microsoft.Network/loadBalancers,LoadBalancerHealthEvent,,,Resource -> Monitoring -> Diagnostic settings,,,
Azure,Azure Resource Logs,Microsoft.Network/natgateways,NatGatewayFlowlogsV1,,,Resource -> Monitoring -> Diagnostic settings,,,
Azure,Azure Resource Logs,Microsoft.Network/networkManagers,ConnectivityConfigurationChange,,,Resource -> Monitoring -> Diagnostic settings,,,
Azure,Azure Resource Logs,Microsoft.Network/networkManagers,NetworkGroupMembershipChange,,,Resource -> Monitoring -> Diagnostic settings,,,
Azure,Azure Resource Logs,Microsoft.Network/networkManagers,RuleCollectionChange,,,Resource -> Monitoring -> Diagnostic settings,,,
Azure,Azure Resource Logs,Microsoft.Network/networkManagers/ipamPools,PoolAllocationChange,,,Resource -> Monitoring -> Diagnostic settings,,,
Azure,Azure Resource Logs,Microsoft.Network/networkSecurityGroups,NetworkSecurityGroupFlowEvent,,,Resource -> Monitoring -> Diagnostic settings,,,
Azure,Azure Resource Logs,Microsoft.Network/networkSecurityPerimeters,NspCrossPerimeterInboundAllowed,,,Resource -> Monitoring -> Diagnostic settings,,,
Azure,Azure Resource Logs,Microsoft.Network/networkSecurityPerimeters,NspCrossPerimeterOutboundAllowed,,,Resource -> Monitoring -> Diagnostic settings,,,
Azure,Azure Resource Logs,Microsoft.Network/networkSecurityPerimeters,NspIntraPerimeterInboundAllowed,,,Resource -> Monitoring -> Diagnostic settings,,,
Azure,Azure Resource Logs,Microsoft.Network/networkSecurityPerimeters,NspOutboundAttempt,,,Resource -> Monitoring -> Diagnostic settings,,,
Azure,Azure Resource Logs,Microsoft.Network/networkSecurityPerimeters,NspPrivateInboundAllowed,,,Resource -> Monitoring -> Diagnostic settings,,,
Azure,Azure Resource Logs,Microsoft.Network/networkSecurityPerimeters,NspPublicInboundPerimeterRulesAllowed,,,Resource -> Monitoring -> Diagnostic settings,,,
Azure,Azure Resource Logs,Microsoft.Network/networkSecurityPerimeters,NspPublicInboundPerimeterRulesDenied,,,Resource -> Monitoring -> Diagnostic settings,,,
Azure,Azure Resource Logs,Microsoft.Network/networkSecurityPerimeters,NspPublicInboundResourceRulesAllowed,,,Resource -> Monitoring -> Diagnostic settings,,,
Azure,Azure Resource Logs,Microsoft.Network/networkSecurityPerimeters,NspPublicInboundResourceRulesDenied,,,Resource -> Monitoring -> Diagnostic settings,,,
Azure,Azure Resource Logs,Microsoft.Network/networkSecurityPerimeters,NspPublicOutboundPerimeterRulesAllowed,,,Resource -> Monitoring -> Diagnostic settings,,,
Azure,Azure Resource Logs,Microsoft.Network/networkSecurityPerimeters,NspPublicOutboundPerimeterRulesDenied,,,Resource -> Monitoring -> Diagnostic settings,,,
Azure,Azure Resource Logs,Microsoft.Network/networkSecurityPerimeters,NspPublicOutboundResourceRulesAllowed,,,Resource -> Monitoring -> Diagnostic settings,,,
Azure,Azure Resource Logs,Microsoft.Network/networkSecurityPerimeters,NspPublicOutboundResourceRulesDenied,,,Resource -> Monitoring -> Diagnostic settings,,,
Azure,Azure Resource Logs,Microsoft.Network/networkSecurityPerimeters/profiles,NSPInboundAccessAllowed,,,Not available in the Azure portal – use Azure CLI / ARM / Azure Policy,,,
Azure,Azure Resource Logs,Microsoft.Network/networkSecurityPerimeters/profiles,NSPInboundAccessDenied,,,Not available in the Azure portal – use Azure CLI / ARM / Azure Policy,,,
Azure,Azure Resource Logs,Microsoft.Network/networkSecurityPerimeters/profiles,NSPOutboundAccessAllowed,,,Not available in the Azure portal – use Azure CLI / ARM / Azure Policy,,,
Azure,Azure Resource Logs,Microsoft.Network/networkSecurityPerimeters/profiles,NSPOutboundAccessDenied,,,Not available in the Azure portal – use Azure CLI / ARM / Azure Policy,,,
Azure,Azure Resource Logs,microsoft.network/p2svpngateways,GatewayDiagnosticLog,,,Resource -> Monitoring -> Diagnostic settings,,,
Azure,Azure Resource Logs,microsoft.network/p2svpngateways,IKEDiagnosticLog,,,Resource -> Monitoring -> Diagnostic settings,,,
Azure,Azure Resource Logs,microsoft.network/p2svpngateways,P2SDiagnosticLog,,,Resource -> Monitoring -> Diagnostic settings,,,
Azure,Azure Resource Logs,Microsoft.Network/publicIPAddresses,DDoSMitigationFlowLogs,,,Resource -> Monitoring -> Diagnostic settings,,,
Azure,Azure Resource Logs,Microsoft.Network/publicIPAddresses,DDoSMitigationReports,,,Resource -> Monitoring -> Diagnostic settings,,,
Azure,Azure Resource Logs,Microsoft.Network/publicIPAddresses,DDoSProtectionNotifications,,,Resource -> Monitoring -> Diagnostic settings,,,
Azure,Azure Resource Logs,Microsoft.Network/publicIPPrefixes,DDoSMitigationFlowLogs,,,Resource -> Monitoring -> Diagnostic settings,,,
Azure,Azure Resource Logs,Microsoft.Network/publicIPPrefixes,DDoSMitigationReports,,,Resource -> Monitoring -> Diagnostic settings,,,
Azure,Azure Resource Logs,Microsoft.Network/publicIPPrefixes,DDoSProtectionNotifications,,,Resource -> Monitoring -> Diagnostic settings,,,
Azure,Azure Resource Logs,Microsoft.Network/trafficManagerProfiles,ProbeHealthStatusEvents,,,Resource -> Monitoring -> Diagnostic settings,,,
Azure,Azure Resource Logs,microsoft.network/virtualnetworkgateways,GatewayDiagnosticLog,,,Resource -> Monitoring -> Diagnostic settings,,,
Azure,Azure Resource Logs,microsoft.network/virtualnetworkgateways,IKEDiagnosticLog,,,Resource -> Monitoring -> Diagnostic settings,,,
Azure,Azure Resource Logs,microsoft.network/virtualnetworkgateways,P2SDiagnosticLog,,,Resource -> Monitoring -> Diagnostic settings,,,
Azure,Azure Resource Logs,microsoft.network/virtualnetworkgateways,RouteDiagnosticLog,,,Resource -> Monitoring -> Diagnostic settings,,,
Azure,Azure Resource Logs,microsoft.network/virtualnetworkgateways,TunnelDiagnosticLog,,,Resource -> Monitoring -> Diagnostic settings,,,
Azure,Azure Resource Logs,Microsoft.Network/virtualNetworks,VMProtectionAlerts,,,Resource -> Monitoring -> Diagnostic settings,,,
Azure,Azure Resource Logs,microsoft.network/vpngateways,GatewayDiagnosticLog,,,Resource -> Monitoring -> Diagnostic settings,,,
Azure,Azure Resource Logs,microsoft.network/vpngateways,IKEDiagnosticLog,,,Resource -> Monitoring -> Diagnostic settings,,,
Azure,Azure Resource Logs,microsoft.network/vpngateways,RouteDiagnosticLog,,,Resource -> Monitoring -> Diagnostic settings,,,
Azure,Azure Resource Logs,microsoft.network/vpngateways,TunnelDiagnosticLog,,,Resource -> Monitoring -> Diagnostic settings,,,
Azure,Azure Resource Logs,Microsoft.NetworkAnalytics/DataProducts,DatabaseQuery,,,Resource -> Monitoring -> Diagnostic settings,,,
Azure,Azure Resource Logs,Microsoft.NetworkAnalytics/DataProducts,Digestion,,,Resource -> Monitoring -> Diagnostic settings,,,
Azure,Azure Resource Logs,Microsoft.NetworkAnalytics/DataProducts,Ingestion,,,Resource -> Monitoring -> Diagnostic settings,,,
Azure,Azure Resource Logs,Microsoft.NetworkAnalytics/DataProducts,IngestionDelete,,,Resource -> Monitoring -> Diagnostic settings,,,
Azure,Azure Resource Logs,Microsoft.NetworkAnalytics/DataProducts,IngestionRead,,,Resource -> Monitoring -> Diagnostic settings,,,
Azure,Azure Resource Logs,Microsoft.NetworkAnalytics/DataProducts,ReadStorage,,,Resource -> Monitoring -> Diagnostic settings,,,
Azure,Azure Resource Logs,Microsoft.NetworkCloud/bareMetalMachines,DefenderSecurity,,,Resource -> Monitoring -> Diagnostic settings,,,
Azure,Azure Resource Logs,Microsoft.NetworkCloud/bareMetalMachines,NexusBreakGlassAudit,,,Resource -> Monitoring -> Diagnostic settings,,,
Azure,Azure Resource Logs,Microsoft.NetworkCloud/bareMetalMachines,SecurityAudit,,,Resource -> Monitoring -> Diagnostic settings,,,
Azure,Azure Resource Logs,Microsoft.NetworkCloud/bareMetalMachines,SecurityCritical,,,Resource -> Monitoring -> Diagnostic settings,,,
Azure,Azure Resource Logs,Microsoft.NetworkCloud/bareMetalMachines,SecurityDebug,,,Resource -> Monitoring -> Diagnostic settings,,,
Azure,Azure Resource Logs,Microsoft.NetworkCloud/bareMetalMachines,SecurityError,,,Resource -> Monitoring -> Diagnostic settings,,,
Azure,Azure Resource Logs,Microsoft.NetworkCloud/bareMetalMachines,SecurityInfo,,,Resource -> Monitoring -> Diagnostic settings,,,
Azure,Azure Resource Logs,Microsoft.NetworkCloud/bareMetalMachines,SecurityNotice,,,Resource -> Monitoring -> Diagnostic settings,,,
Azure,Azure Resource Logs,Microsoft.NetworkCloud/bareMetalMachines,SecurityWarning,,,Resource -> Monitoring -> Diagnostic settings,,,
Azure,Azure Resource Logs,Microsoft.NetworkCloud/bareMetalMachines,SyslogCritical,,,Resource -> Monitoring -> Diagnostic settings,,,
Azure,Azure Resource Logs,Microsoft.NetworkCloud/bareMetalMachines,SyslogDebug,,,Resource -> Monitoring -> Diagnostic settings,,,
Azure,Azure Resource Logs,Microsoft.NetworkCloud/bareMetalMachines,SyslogError,,,Resource -> Monitoring -> Diagnostic settings,,,
Azure,Azure Resource Logs,Microsoft.NetworkCloud/bareMetalMachines,SyslogInfo,,,Resource -> Monitoring -> Diagnostic settings,,,
Azure,Azure Resource Logs,Microsoft.NetworkCloud/bareMetalMachines,SyslogNotice,,,Resource -> Monitoring -> Diagnostic settings,,,
Azure,Azure Resource Logs,Microsoft.NetworkCloud/bareMetalMachines,SyslogWarning,,,Resource -> Monitoring -> Diagnostic settings,,,
Azure,Azure Resource Logs,Microsoft.NetworkCloud/clusterManagers,CloudInitDiagnostics,,,Resource -> Monitoring -> Diagnostic settings,,,
Azure,Azure Resource Logs,Microsoft.NetworkCloud/clusterManagers,ClusterManagerDeployOrUpgradeLogs,,,Resource -> Monitoring -> Diagnostic settings,,,
Azure,Azure Resource Logs,Microsoft.NetworkCloud/clusters,CustomerContainerLogs,,,Resource -> Monitoring -> Diagnostic settings,,,
Azure,Azure Resource Logs,Microsoft.NetworkCloud/clusters,IdracContainerLogs,,,Resource -> Monitoring -> Diagnostic settings,,,
Azure,Azure Resource Logs,Microsoft.NetworkCloud/clusters,KubeAPIAudit,,,Resource -> Monitoring -> Diagnostic settings,,,
Azure,Azure Resource Logs,Microsoft.NetworkCloud/clusters,PlatformOperations,,,Resource -> Monitoring -> Diagnostic settings,,,
Azure,Azure Resource Logs,Microsoft.NetworkCloud/clusters,VMOrchestrationLogs,,,Resource -> Monitoring -> Diagnostic settings,,,
Azure,Azure Resource Logs,Microsoft.NetworkCloud/kubernetesClusters,TenantOperationTraces,,,Resource -> Monitoring -> Diagnostic settings,,,
Azure,Azure Resource Logs,Microsoft.NetworkCloud/storageAppliances,StorageApplianceAlert,,,Resource -> Monitoring -> Diagnostic settings,,,
Azure,Azure Resource Logs,Microsoft.NetworkCloud/storageAppliances,StorageApplianceAudit,,,Resource -> Monitoring -> Diagnostic settings,,,
Azure,Azure Resource Logs,Microsoft.NetworkCloud/storageAppliances,StorageApplianceLogs,,,Resource -> Monitoring -> Diagnostic settings,,,
Azure,Azure Resource Logs,Microsoft.NetworkFunction/azureTrafficCollectors,ATCMicrosoftPeeringMetadata,,,Resource -> Monitoring -> Diagnostic settings,,,
Azure,Azure Resource Logs,Microsoft.NetworkFunction/azureTrafficCollectors,ATCPrivatePeeringMetadata,,,Resource -> Monitoring -> Diagnostic settings,,,
Azure,Azure Resource Logs,Microsoft.NetworkFunction/azureTrafficCollectors,ExpressRouteCircuitIpfix,,,Resource -> Monitoring -> Diagnostic settings,,,
Azure,Azure Resource Logs,Microsoft.NetworkSecurity/agentFabrics,AgentFabricFlowLogs,,,Not available in the Azure portal – use Azure CLI / ARM / Azure Policy,,,
Azure,Azure Resource Logs,Microsoft.NotificationHubs/namespaces,OperationalLogs,,,Resource -> Monitoring -> Diagnostic settings,,,
Azure,Azure Resource Logs,Microsoft.NotificationHubs/namespaces/notificationHubs,OperationalLogs,,,Resource -> Monitoring -> Diagnostic settings,,,
Azure,Azure Resource Logs,microsoft.onlineexperimentation/workspaces,Audit,,,Resource -> Monitoring -> Diagnostic settings,,,
Azure,Azure Resource Logs,MICROSOFT.OPENENERGYPLATFORM/ENERGYSERVICES,AczApiLogs,,,Resource -> Monitoring -> Diagnostic settings,,,
Azure,Azure Resource Logs,MICROSOFT.OPENENERGYPLATFORM/ENERGYSERVICES,AczWorkerLogs,,,Resource -> Monitoring -> Diagnostic settings,,,
Azure,Azure Resource Logs,MICROSOFT.OPENENERGYPLATFORM/ENERGYSERVICES,AirFlowTaskLogs,,,Resource -> Monitoring -> Diagnostic settings,,,
Azure,Azure Resource Logs,MICROSOFT.OPENENERGYPLATFORM/ENERGYSERVICES,AuditEvent,,,Resource -> Monitoring -> Diagnostic settings,,,
Azure,Azure Resource Logs,MICROSOFT.OPENENERGYPLATFORM/ENERGYSERVICES,CRSCatalogLogs,,,Resource -> Monitoring -> Diagnostic settings,,,
Azure,Azure Resource Logs,MICROSOFT.OPENENERGYPLATFORM/ENERGYSERVICES,CRSConversionLogs,,,Resource -> Monitoring -> Diagnostic settings,,,
Azure,Azure Resource Logs,MICROSOFT.OPENENERGYPLATFORM/ENERGYSERVICES,DatasetLogs,,,Resource -> Monitoring -> Diagnostic settings,,,
Azure,Azure Resource Logs,MICROSOFT.OPENENERGYPLATFORM/ENERGYSERVICES,EdsDmsLogs,,,Resource -> Monitoring -> Diagnostic settings,,,
Azure,Azure Resource Logs,MICROSOFT.OPENENERGYPLATFORM/ENERGYSERVICES,ElasticOperatorLogs,,,Resource -> Monitoring -> Diagnostic settings,,,
Azure,Azure Resource Logs,MICROSOFT.OPENENERGYPLATFORM/ENERGYSERVICES,ElasticsearchLogs,,,Resource -> Monitoring -> Diagnostic settings,,,
Azure,Azure Resource Logs,MICROSOFT.OPENENERGYPLATFORM/ENERGYSERVICES,EntitlementsLogs,,,Resource -> Monitoring -> Diagnostic settings,,,
Azure,Azure Resource Logs,MICROSOFT.OPENENERGYPLATFORM/ENERGYSERVICES,FileLogs,,,Resource -> Monitoring -> Diagnostic settings,,,
Azure,Azure Resource Logs,MICROSOFT.OPENENERGYPLATFORM/ENERGYSERVICES,IndexerLogs,,,Resource -> Monitoring -> Diagnostic settings,,,
Azure,Azure Resource Logs,MICROSOFT.OPENENERGYPLATFORM/ENERGYSERVICES,LegalLogs,,,Resource -> Monitoring -> Diagnostic settings,,,
Azure,Azure Resource Logs,MICROSOFT.OPENENERGYPLATFORM/ENERGYSERVICES,NotificationLogs,,,Resource -> Monitoring -> Diagnostic settings,,,
Azure,Azure Resource Logs,MICROSOFT.OPENENERGYPLATFORM/ENERGYSERVICES,PartitionLogs,,,Resource -> Monitoring -> Diagnostic settings,,,
Azure,Azure Resource Logs,MICROSOFT.OPENENERGYPLATFORM/ENERGYSERVICES,PDSBackendLogs,,,Resource -> Monitoring -> Diagnostic settings,,,
Azure,Azure Resource Logs,MICROSOFT.OPENENERGYPLATFORM/ENERGYSERVICES,PDSFrontendLogs,,,Resource -> Monitoring -> Diagnostic settings,,,
Azure,Azure Resource Logs,MICROSOFT.OPENENERGYPLATFORM/ENERGYSERVICES,RafsDdmsLogs,,,Resource -> Monitoring -> Diagnostic settings,,,
Azure,Azure Resource Logs,MICROSOFT.OPENENERGYPLATFORM/ENERGYSERVICES,RegisterLogs,,,Resource -> Monitoring -> Diagnostic settings,,,
Azure,Azure Resource Logs,MICROSOFT.OPENENERGYPLATFORM/ENERGYSERVICES,ReservoirDDMSClientLogs,,,Resource -> Monitoring -> Diagnostic settings,,,
Azure,Azure Resource Logs,MICROSOFT.OPENENERGYPLATFORM/ENERGYSERVICES,ReservoirDDMSServerLogs,,,Resource -> Monitoring -> Diagnostic settings,,,
Azure,Azure Resource Logs,MICROSOFT.OPENENERGYPLATFORM/ENERGYSERVICES,SchemaLogs,,,Resource -> Monitoring -> Diagnostic settings,,,
Azure,Azure Resource Logs,MICROSOFT.OPENENERGYPLATFORM/ENERGYSERVICES,SearchExtensionsLogs,,,Resource -> Monitoring -> Diagnostic settings,,,
Azure,Azure Resource Logs,MICROSOFT.OPENENERGYPLATFORM/ENERGYSERVICES,SearchLogs,,,Resource -> Monitoring -> Diagnostic settings,,,
Azure,Azure Resource Logs,MICROSOFT.OPENENERGYPLATFORM/ENERGYSERVICES,SecretLogs,,,Resource -> Monitoring -> Diagnostic settings,,,
Azure,Azure Resource Logs,MICROSOFT.OPENENERGYPLATFORM/ENERGYSERVICES,SeismicLogs,,,Resource -> Monitoring -> Diagnostic settings,,,
Azure,Azure Resource Logs,MICROSOFT.OPENENERGYPLATFORM/ENERGYSERVICES,StorageLogs,,,Resource -> Monitoring -> Diagnostic settings,,,
Azure,Azure Resource Logs,MICROSOFT.OPENENERGYPLATFORM/ENERGYSERVICES,UnitLogs,,,Resource -> Monitoring -> Diagnostic settings,,,
Azure,Azure Resource Logs,MICROSOFT.OPENENERGYPLATFORM/ENERGYSERVICES,WellboreLogs,,,Resource -> Monitoring -> Diagnostic settings,,,
Azure,Azure Resource Logs,MICROSOFT.OPENENERGYPLATFORM/ENERGYSERVICES,WorkflowLogs,,,Resource -> Monitoring -> Diagnostic settings,,,
Azure,Azure Resource Logs,Microsoft.OpenLogisticsPlatform/Workspaces,SupplyChainEntityOperations,,,Not available in the Azure portal – use Azure CLI / ARM / Azure Policy,,,
Azure,Azure Resource Logs,Microsoft.OpenLogisticsPlatform/Workspaces,SupplyChainEventLogs,,,Not available in the Azure portal – use Azure CLI / ARM / Azure Policy,,,
Azure,Azure Resource Logs,Microsoft.OperationalInsights/workspaces,Audit,,,Resource -> Monitoring -> Diagnostic settings,,,
Azure,Azure Resource Logs,Microsoft.OperationalInsights/workspaces,Jobs,,,Resource -> Monitoring -> Diagnostic settings,,,
Azure,Azure Resource Logs,Microsoft.OperationalInsights/workspaces,SummaryLogs,,,Resource -> Monitoring -> Diagnostic settings,,,
Azure,Azure Resource Logs,Microsoft.Orbital/geocatalogs,Audit,,,Resource -> Monitoring -> Diagnostic settings,,,
Azure,Azure Resource Logs,Microsoft.Orbital/geocatalogs,Ingestion,,,Resource -> Monitoring -> Diagnostic settings,,,
Azure,Azure Resource Logs,Microsoft.Peering/peeringServices,operational,,,Resource -> Monitoring -> Diagnostic settings,,,
Azure,Azure Resource Logs,Microsoft.Peering/peeringServices,prefixValidation,,,Resource -> Monitoring -> Diagnostic settings,,,
Azure,Azure Resource Logs,Microsoft.PlayFab/titles,AuditLogs,,,Not available in the Azure portal – use Azure CLI / ARM / Azure Policy,,,
Azure,Azure Resource Logs,Microsoft.PowerBI/tenants,Engine,,,Not available in the Azure portal – use Azure CLI / ARM / Azure Policy,,,
Azure,Azure Resource Logs,Microsoft.PowerBI/tenants,OneLakeData,,,Not available in the Azure portal – use Azure CLI / ARM / Azure Policy,,,
Azure,Azure Resource Logs,Microsoft.PowerBI/tenants/workspaces,Engine,,,Not available in the Azure portal – use Azure CLI / ARM / Azure Policy,,,
Azure,Azure Resource Logs,Microsoft.PowerBI/tenants/workspaces,OneLakeData,,,Not available in the Azure portal – use Azure CLI / ARM / Azure Policy,,,
Azure,Azure Resource Logs,Microsoft.PowerBIDedicated/capacities,Engine,,,Resource -> Monitoring -> Diagnostic settings,,,
Azure,Azure Resource Logs,Microsoft.ProviderHub/providerMonitorSettings,UserRPHttpIncomingRequests,,,Not available in the Azure portal – use Azure CLI / ARM / Azure Policy,,,
Azure,Azure Resource Logs,Microsoft.ProviderHub/providerMonitorSettings,UserRPHttpOutgoingRequests,,,Not available in the Azure portal – use Azure CLI / ARM / Azure Policy,,,
Azure,Azure Resource Logs,Microsoft.ProviderHub/providerMonitorSettings,UserRPProvisioningOperations,,,Not available in the Azure portal – use Azure CLI / ARM / Azure Policy,,,
Azure,Azure Resource Logs,Microsoft.ProviderHub/providerRegistrations,ProvisioningOperations,,,Not available in the Azure portal – use Azure CLI / ARM / Azure Policy,,,
Azure,Azure Resource Logs,Microsoft.ProviderHub/providerRegistrations,UserRPHttpIncomingRequests,,,Not available in the Azure portal – use Azure CLI / ARM / Azure Policy,,,
Azure,Azure Resource Logs,Microsoft.ProviderHub/providerRegistrations,UserRPHttpOutgoingRequests,,,Not available in the Azure portal – use Azure CLI / ARM / Azure Policy,,,
Azure,Azure Resource Logs,Microsoft.Purview/accounts,DataSensitivityLogEvent,,,Resource -> Monitoring -> Diagnostic settings,,,
Azure,Azure Resource Logs,Microsoft.Purview/accounts,ScanStatusLogEvent,,,Resource -> Monitoring -> Diagnostic settings,,,
Azure,Azure Resource Logs,Microsoft.Purview/accounts,Security,,,Resource -> Monitoring -> Diagnostic settings,,,
Azure,Azure Resource Logs,Microsoft.Quantum/providerAccounts,AuditEvent,,,Not available in the Azure portal – use Azure CLI / ARM / Azure Policy,,,
Azure,Azure Resource Logs,Microsoft.Quantum/providerAccounts,Operational,,,Not available in the Azure portal – use Azure CLI / ARM / Azure Policy,,,
Azure,Azure Resource Logs,Microsoft.Quantum/workspaces,AuditEvent,,,Resource -> Monitoring -> Diagnostic settings,,,
Azure,Azure Resource Logs,Microsoft.RecoveryServices/vaults,AddonAzureBackupAlerts,,,Resource -> Monitoring -> Diagnostic settings,,,
Azure,Azure Resource Logs,Microsoft.RecoveryServices/vaults,AddonAzureBackupJobs,,,Resource -> Monitoring -> Diagnostic settings,,,
Azure,Azure Resource Logs,Microsoft.RecoveryServices/vaults,AddonAzureBackupPolicy,,,Resource -> Monitoring -> Diagnostic settings,,,
Azure,Azure Resource Logs,Microsoft.RecoveryServices/vaults,AddonAzureBackupProtectedInstance,,,Resource -> Monitoring -> Diagnostic settings,,,
Azure,Azure Resource Logs,Microsoft.RecoveryServices/vaults,AddonAzureBackupStorage,,,Resource -> Monitoring -> Diagnostic settings,,,
Azure,Azure Resource Logs,Microsoft.RecoveryServices/vaults,ASRReplicatedItems,,,Resource -> Monitoring -> Diagnostic settings,,,
Azure,Azure Resource Logs,Microsoft.RecoveryServices/vaults,AzureBackupOperations,,,Resource -> Monitoring -> Diagnostic settings,,,
Azure,Azure Resource Logs,Microsoft.RecoveryServices/vaults,AzureBackupReport,,,Resource -> Monitoring -> Diagnostic settings,,,
Azure,Azure Resource Logs,Microsoft.RecoveryServices/vaults,AzureSiteRecoveryEvents,,,Resource -> Monitoring -> Diagnostic settings,,,
Azure,Azure Resource Logs,Microsoft.RecoveryServices/vaults,AzureSiteRecoveryJobs,,,Resource -> Monitoring -> Diagnostic settings,,,
Azure,Azure Resource Logs,Microsoft.RecoveryServices/vaults,AzureSiteRecoveryProtectedDiskDataChurn,,,Resource -> Monitoring -> Diagnostic settings,,,
Azure,Azure Resource Logs,Microsoft.RecoveryServices/vaults,AzureSiteRecoveryRecoveryPoints,,,Resource -> Monitoring -> Diagnostic settings,,,
Azure,Azure Resource Logs,Microsoft.RecoveryServices/vaults,AzureSiteRecoveryReplicatedItems,,,Resource -> Monitoring -> Diagnostic settings,,,
Azure,Azure Resource Logs,Microsoft.RecoveryServices/vaults,AzureSiteRecoveryReplicationDataUploadRate,,,Resource -> Monitoring -> Diagnostic settings,,,
Azure,Azure Resource Logs,Microsoft.RecoveryServices/vaults,AzureSiteRecoveryReplicationStats,,,Resource -> Monitoring -> Diagnostic settings,,,
Azure,Azure Resource Logs,Microsoft.RecoveryServices/vaults,CoreAzureBackup,,,Resource -> Monitoring -> Diagnostic settings,,,
Azure,Azure Resource Logs,Microsoft.RedHatOpenShift/hcpOpenShiftClusters,capi-provider,,,Resource -> Monitoring -> Diagnostic settings,,,
Azure,Azure Resource Logs,Microsoft.RedHatOpenShift/hcpOpenShiftClusters,cloud-controller-manager,,,Resource -> Monitoring -> Diagnostic settings,,,
Azure,Azure Resource Logs,Microsoft.RedHatOpenShift/hcpOpenShiftClusters,cluster-autoscaler,,,Resource -> Monitoring -> Diagnostic settings,,,
Azure,Azure Resource Logs,Microsoft.RedHatOpenShift/hcpOpenShiftClusters,csi-azuredisk-controller,,,Resource -> Monitoring -> Diagnostic settings,,,
Azure,Azure Resource Logs,Microsoft.RedHatOpenShift/hcpOpenShiftClusters,csi-azurefile-controller,,,Resource -> Monitoring -> Diagnostic settings,,,
Azure,Azure Resource Logs,Microsoft.RedHatOpenShift/hcpOpenShiftClusters,csi-snapshot-controller,,,Resource -> Monitoring -> Diagnostic settings,,,
Azure,Azure Resource Logs,Microsoft.RedHatOpenShift/hcpOpenShiftClusters,kube-apiserver,,,Resource -> Monitoring -> Diagnostic settings,,,
Azure,Azure Resource Logs,Microsoft.RedHatOpenShift/hcpOpenShiftClusters,kube-audit,,,Resource -> Monitoring -> Diagnostic settings,,,
Azure,Azure Resource Logs,Microsoft.RedHatOpenShift/hcpOpenShiftClusters,kube-audit-admin,,,Resource -> Monitoring -> Diagnostic settings,,,
Azure,Azure Resource Logs,Microsoft.RedHatOpenShift/hcpOpenShiftClusters,kube-controller-manager,,,Resource -> Monitoring -> Diagnostic settings,,,
Azure,Azure Resource Logs,Microsoft.RedHatOpenShift/hcpOpenShiftClusters,kube-scheduler,,,Resource -> Monitoring -> Diagnostic settings,,,
Azure,Azure Resource Logs,Microsoft.Relay/namespaces,HybridConnectionsEvent,,,Resource -> Monitoring -> Diagnostic settings,,,
Azure,Azure Resource Logs,Microsoft.Relay/namespaces,VNetAndIPFilteringLogs,,,Resource -> Monitoring -> Diagnostic settings,,,
Azure,Azure Resource Logs,Microsoft.ResourceBuilder/workspaces,JobExecution,,,Not available in the Azure portal – use Azure CLI / ARM / Azure Policy,,,
Azure,Azure Resource Logs,Microsoft.ResourceBuilder/workspaces/pipelines/jobs,JobExecution,,,Not available in the Azure portal – use Azure CLI / ARM / Azure Policy,,,
Azure,Azure Resource Logs,Microsoft.Security/antiMalwareSettings,ScanResults,,,Not available in the Azure portal – use Azure CLI / ARM / Azure Policy,,,
Azure,Azure Resource Logs,Microsoft.Security/defenderForStorageSettings,ScanResults,,,Resource -> Monitoring -> Diagnostic settings,,,
Azure,Azure Resource Logs,microsoft.securityinsights/settings,Analytics,,,Resource -> Monitoring -> Diagnostic settings,,,
Azure,Azure Resource Logs,microsoft.securityinsights/settings,Automation,,,Resource -> Monitoring -> Diagnostic settings,,,
Azure,Azure Resource Logs,microsoft.securityinsights/settings,CustomDetections,,,Resource -> Monitoring -> Diagnostic settings,,,
Azure,Azure Resource Logs,microsoft.securityinsights/settings,DataConnectors,,,Resource -> Monitoring -> Diagnostic settings,,,
Azure,Azure Resource Logs,Microsoft.ServiceBus/namespaces,ApplicationMetricsLogs,,,Resource -> Monitoring -> Diagnostic settings,,,
Azure,Azure Resource Logs,Microsoft.ServiceBus/namespaces,DataDRLogs,,,Resource -> Monitoring -> Diagnostic settings,,,
Azure,Azure Resource Logs,Microsoft.ServiceNetworking/trafficControllers,TrafficControllerAccessLog,,,Resource -> Monitoring -> Diagnostic settings,,,
Azure,Azure Resource Logs,Microsoft.ServiceNetworking/trafficControllers,TrafficControllerFirewallLog,,,Resource -> Monitoring -> Diagnostic settings,,,
Azure,Azure Resource Logs,Microsoft.SignalRService/SignalR,AllLogs,,,Resource -> Monitoring -> Diagnostic settings,,,
Azure,Azure Resource Logs,Microsoft.SignalRService/SignalR/replicas,AllLogs,,,Resource -> Monitoring -> Diagnostic settings,,,
Azure,Azure Resource Logs,Microsoft.SignalRService/WebPubSub,ConnectivityLogs,,,Resource -> Monitoring -> Diagnostic settings,,,
Azure,Azure Resource Logs,Microsoft.SignalRService/WebPubSub,HttpRequestLogs,,,Resource -> Monitoring -> Diagnostic settings,,,
Azure,Azure Resource Logs,Microsoft.SignalRService/WebPubSub,MessagingLogs,,,Resource -> Monitoring -> Diagnostic settings,,,
Azure,Azure Resource Logs,Microsoft.SignalRService/WebPubSub/replicas,ConnectivityLogs,,,Resource -> Monitoring -> Diagnostic settings,,,
Azure,Azure Resource Logs,Microsoft.SignalRService/WebPubSub/replicas,HttpRequestLogs,,,Resource -> Monitoring -> Diagnostic settings,,,
Azure,Azure Resource Logs,Microsoft.SignalRService/WebPubSub/replicas,MessagingLogs,,,Resource -> Monitoring -> Diagnostic settings,,,
Azure,Azure Resource Logs,microsoft.singularity/accounts,Activity,,,Not available in the Azure portal – use Azure CLI / ARM / Azure Policy,,,
Azure,Azure Resource Logs,microsoft.singularity/accounts,Execution,,,Not available in the Azure portal – use Azure CLI / ARM / Azure Policy,,,
Azure,Azure Resource Logs,Microsoft.Sql/managedInstances,DevOpsOperationsAudit,,,Resource -> Monitoring -> Diagnostic settings,,,
Azure,Azure Resource Logs,Microsoft.Sql/managedInstances,ResourceUsageStats,,,Resource -> Monitoring -> Diagnostic settings,,,
Azure,Azure Resource Logs,Microsoft.Sql/managedInstances,SQLSecurityAuditEvents,,,Resource -> Monitoring -> Diagnostic settings,,,
Azure,Azure Resource Logs,Microsoft.Sql/managedInstances/databases,Errors,,,Resource -> Monitoring -> Diagnostic settings,,,
Azure,Azure Resource Logs,Microsoft.Sql/managedInstances/databases,QueryStoreRuntimeStatistics,,,Resource -> Monitoring -> Diagnostic settings,,,
Azure,Azure Resource Logs,Microsoft.Sql/managedInstances/databases,QueryStoreWaitStatistics,,,Resource -> Monitoring -> Diagnostic settings,,,
Azure,Azure Resource Logs,Microsoft.Sql/managedInstances/databases,SQLInsights,,,Resource -> Monitoring -> Diagnostic settings,,,
Azure,Azure Resource Logs,Microsoft.Sql/servers/databases,Deadlocks,,,Resource -> Monitoring -> Diagnostic settings,,,
Azure,Azure Resource Logs,Microsoft.Sql/servers/databases,DevOpsOperationsAudit,,,Resource -> Monitoring -> Diagnostic settings,,,
Azure,Azure Resource Logs,Microsoft.Sql/servers/databases,DmsWorkers,,,Resource -> Monitoring -> Diagnostic settings,,,
Azure,Azure Resource Logs,Microsoft.Sql/servers/databases,ExecRequests,,,Resource -> Monitoring -> Diagnostic settings,,,
Azure,Azure Resource Logs,Microsoft.Sql/servers/databases,RequestSteps,,,Resource -> Monitoring -> Diagnostic settings,,,
Azure,Azure Resource Logs,Microsoft.Sql/servers/databases,SqlRequests,,,Resource -> Monitoring -> Diagnostic settings,,,
Azure,Azure Resource Logs,Microsoft.Sql/servers/databases,SQLSecurityAuditEvents,,,Resource -> Monitoring -> Diagnostic settings,,,
Azure,Azure Resource Logs,Microsoft.Sql/servers/databases,Waits,,,Resource -> Monitoring -> Diagnostic settings,,,
Azure,Azure Resource Logs,Microsoft.StandbyPool/standbycontainergrouppools,ContainerGroupExecution,,,Resource -> Monitoring -> Diagnostic settings,,,
Azure,Azure Resource Logs,Microsoft.StandbyPool/standbycontainergrouppools,ContainerGroupRequest,,,Resource -> Monitoring -> Diagnostic settings,,,
Azure,Azure Resource Logs,Microsoft.StandbyPool/standbyvirtualmachinepools,Execution,,,Resource -> Monitoring -> Diagnostic settings,,,
Azure,Azure Resource Logs,Microsoft.StandbyPool/standbyvirtualmachinepools,Request,,,Resource -> Monitoring -> Diagnostic settings,,,
Azure,Azure Resource Logs,Microsoft.Storage/storageAccounts/blobServices,StorageDelete,,,Resource -> Monitoring -> Diagnostic settings,,,
Azure,Azure Resource Logs,Microsoft.Storage/storageAccounts/blobServices,StorageRead,,,Resource -> Monitoring -> Diagnostic settings,,,
Azure,Azure Resource Logs,Microsoft.Storage/storageAccounts/blobServices,StorageWrite,,,Resource -> Monitoring -> Diagnostic settings,,,
Azure,Azure Resource Logs,Microsoft.Storage/storageAccounts/fileServices,StorageDelete,,,Resource -> Monitoring -> Diagnostic settings,,,
Azure,Azure Resource Logs,Microsoft.Storage/storageAccounts/fileServices,StorageRead,,,Resource -> Monitoring -> Diagnostic settings,,,
Azure,Azure Resource Logs,Microsoft.Storage/storageAccounts/fileServices,StorageWrite,,,Resource -> Monitoring -> Diagnostic settings,,,
Azure,Azure Resource Logs,Microsoft.Storage/storageAccounts/queueServices,StorageDelete,,,Resource -> Monitoring -> Diagnostic settings,,,
Azure,Azure Resource Logs,Microsoft.Storage/storageAccounts/queueServices,StorageRead,,,Resource -> Monitoring -> Diagnostic settings,,,
Azure,Azure Resource Logs,Microsoft.Storage/storageAccounts/queueServices,StorageWrite,,,Resource -> Monitoring -> Diagnostic settings,,,
Azure,Azure Resource Logs,Microsoft.Storage/storageAccounts/tableServices,StorageDelete,,,Resource -> Monitoring -> Diagnostic settings,,,
Azure,Azure Resource Logs,Microsoft.Storage/storageAccounts/tableServices,StorageRead,,,Resource -> Monitoring -> Diagnostic settings,,,
Azure,Azure Resource Logs,Microsoft.Storage/storageAccounts/tableServices,StorageWrite,,,Resource -> Monitoring -> Diagnostic settings,,,
Azure,Azure Resource Logs,Microsoft.StorageCache/amlFilesystems,AmlfsAuditEvent,,,Resource -> Monitoring -> Diagnostic settings,,,
Azure,Azure Resource Logs,Microsoft.StorageCache/caches,AscCacheOperationEvent,,,Resource -> Monitoring -> Diagnostic settings,,,
Azure,Azure Resource Logs,Microsoft.StorageCache/caches,AscUpgradeEvent,,,Resource -> Monitoring -> Diagnostic settings,,,
Azure,Azure Resource Logs,Microsoft.StorageCache/caches,AscWarningEvent,,,Resource -> Monitoring -> Diagnostic settings,,,
Azure,Azure Resource Logs,Microsoft.StorageMover/storageMovers,AuditLog,,,Resource -> Monitoring -> Diagnostic settings,,,
Azure,Azure Resource Logs,Microsoft.StorageMover/storageMovers,CopyLogsFailed,,,Resource -> Monitoring -> Diagnostic settings,,,
Azure,Azure Resource Logs,Microsoft.StorageMover/storageMovers,JobRunLogs,,,Resource -> Monitoring -> Diagnostic settings,,,
Azure,Azure Resource Logs,Microsoft.StreamAnalytics/streamingjobs,Authoring,,,Resource -> Monitoring -> Diagnostic settings,,,
Azure,Azure Resource Logs,Microsoft.StreamAnalytics/streamingjobs,Execution,,,Resource -> Monitoring -> Diagnostic settings,,,
Azure,Azure Resource Logs,Microsoft.Synapse/workspaces,IntegrationTriggerRuns,,,Resource -> Monitoring -> Diagnostic settings,,,
Azure,Azure Resource Logs,Microsoft.Synapse/workspaces,SynapseLinkEvent,,,Resource -> Monitoring -> Diagnostic settings,,,
Azure,Azure Resource Logs,Microsoft.Synapse/workspaces/bigDataPools,BigDataPoolAppsEnded,,,Resource -> Monitoring -> Diagnostic settings,,,
Azure,Azure Resource Logs,Microsoft.Synapse/workspaces/kustoPools,Command,,,Resource -> Monitoring -> Diagnostic settings,,,
Azure,Azure Resource Logs,Microsoft.Synapse/workspaces/kustoPools,DataOperation,,,Resource -> Monitoring -> Diagnostic settings,,,
Azure,Azure Resource Logs,Microsoft.Synapse/workspaces/kustoPools,FailedIngestion,,,Resource -> Monitoring -> Diagnostic settings,,,
Azure,Azure Resource Logs,Microsoft.Synapse/workspaces/kustoPools,IngestionBatching,,,Resource -> Monitoring -> Diagnostic settings,,,
Azure,Azure Resource Logs,Microsoft.Synapse/workspaces/kustoPools,Journal,,,Resource -> Monitoring -> Diagnostic settings,,,
Azure,Azure Resource Logs,Microsoft.Synapse/workspaces/kustoPools,Query,,,Resource -> Monitoring -> Diagnostic settings,,,
Azure,Azure Resource Logs,Microsoft.Synapse/workspaces/kustoPools,SucceededIngestion,,,Resource -> Monitoring -> Diagnostic settings,,,
Azure,Azure Resource Logs,Microsoft.Synapse/workspaces/kustoPools,TableDetails,,,Resource -> Monitoring -> Diagnostic settings,,,
Azure,Azure Resource Logs,Microsoft.Synapse/workspaces/kustoPools,TableUsageStatistics,,,Resource -> Monitoring -> Diagnostic settings,,,
Azure,Azure Resource Logs,Microsoft.Synapse/workspaces/scopePools,ScopePoolScopeJobsEnded,,,Not available in the Azure portal – use Azure CLI / ARM / Azure Policy,,,
Azure,Azure Resource Logs,Microsoft.Synapse/workspaces/scopePools,ScopePoolScopeJobsStateChange,,,Not available in the Azure portal – use Azure CLI / ARM / Azure Policy,,,
Azure,Azure Resource Logs,Microsoft.Synapse/workspaces/sqlPools,DmsWorkers,,,Resource -> Monitoring -> Diagnostic settings,,,
Azure,Azure Resource Logs,Microsoft.Synapse/workspaces/sqlPools,ExecRequests,,,Resource -> Monitoring -> Diagnostic settings,,,
Azure,Azure Resource Logs,Microsoft.Synapse/workspaces/sqlPools,RequestSteps,,,Resource -> Monitoring -> Diagnostic settings,,,
Azure,Azure Resource Logs,Microsoft.Synapse/workspaces/sqlPools,SqlRequests,,,Resource -> Monitoring -> Diagnostic settings,,,
Azure,Azure Resource Logs,Microsoft.Synapse/workspaces/sqlPools,SQLSecurityAuditEvents,,,Resource -> Monitoring -> Diagnostic settings,,,
Azure,Azure Resource Logs,Microsoft.Synapse/workspaces/sqlPools,Waits,,,Resource -> Monitoring -> Diagnostic settings,,,
Azure,Azure Resource Logs,Microsoft.ToolchainOrchestrator/diagnostics,UserAudits,,,Not available in the Azure portal – use Azure CLI / ARM / Azure Policy,,,
Azure,Azure Resource Logs,Microsoft.ToolchainOrchestrator/diagnostics,UserDiagnostics,,,Not available in the Azure portal – use Azure CLI / ARM / Azure Policy,,,
Azure,Azure Resource Logs,microsoft.videoindexer/accounts,Audit,,,Resource -> Monitoring -> Diagnostic settings,,,
Azure,Azure Resource Logs,microsoft.videoindexer/accounts,IndexingLogs,,,Resource -> Monitoring -> Diagnostic settings,,,
Azure,Azure Resource Logs,Microsoft.Web/hostingEnvironments,AppServiceEnvironmentPlatformLogs,,,Resource -> Monitoring -> Diagnostic settings,,,
Azure,Azure Resource Logs,Microsoft.Web/serverfarms,AppServiceConsoleLogs,,,Resource -> Monitoring -> Diagnostic settings,,,
Azure,Azure Resource Logs,Microsoft.Web/serverfarms,AppServicePlatformLogs,,,Resource -> Monitoring -> Diagnostic settings,,,
Azure,Azure Resource Logs,Microsoft.Web/sites,AppServiceAntivirusScanAuditLogs,,,Resource -> Monitoring -> Diagnostic settings,,,
Azure,Azure Resource Logs,Microsoft.Web/sites,AppServiceAuthenticationLogs,,,Resource -> Monitoring -> Diagnostic settings,,,
Azure,Azure Resource Logs,Microsoft.Web/sites,AppServiceFileAuditLogs,,,Resource -> Monitoring -> Diagnostic settings,,,
Azure,Azure Resource Logs,Microsoft.Web/sites,WorkflowRuntime,,,Resource -> Monitoring -> Diagnostic settings,,,
Azure,Azure Resource Logs,Microsoft.Web/sites/slots,AppServiceAntivirusScanAuditLogs,,,Resource -> Monitoring -> Diagnostic settings,,,
Azure,Azure Resource Logs,Microsoft.Web/sites/slots,AppServiceAppLogs,,,Resource -> Monitoring -> Diagnostic settings,,,
Azure,Azure Resource Logs,Microsoft.Web/sites/slots,AppServiceAuditLogs,,,Resource -> Monitoring -> Diagnostic settings,,,
Azure,Azure Resource Logs,Microsoft.Web/sites/slots,AppServiceConsoleLogs,,,Resource -> Monitoring -> Diagnostic settings,,,
Azure,Azure Resource Logs,Microsoft.Web/sites/slots,AppServiceFileAuditLogs,,,Resource -> Monitoring -> Diagnostic settings,,,
Azure,Azure Resource Logs,Microsoft.Web/sites/slots,AppServiceHTTPLogs,,,Resource -> Monitoring -> Diagnostic settings,,,
Azure,Azure Resource Logs,Microsoft.Web/sites/slots,AppServiceIPSecAuditLogs,,,Resource -> Monitoring -> Diagnostic settings,,,
Azure,Azure Resource Logs,Microsoft.Web/sites/slots,AppServicePlatformLogs,,,Resource -> Monitoring -> Diagnostic settings,,,
Azure,Azure Resource Logs,Microsoft.Web/sites/slots,FunctionAppLogs,,,Resource -> Monitoring -> Diagnostic settings,,,
Azure,Azure Resource Logs,Microsoft.Web/staticsites,StaticSiteDiagnosticLogs,,,Resource -> Monitoring -> Diagnostic settings,,,
Azure,Azure Resource Logs,Microsoft.Web/staticsites,StaticSiteHttpLogs,,,Resource -> Monitoring -> Diagnostic settings,,,
Azure,Azure Resource Logs,microsoft.workloads/sapvirtualinstances,ChangeDetection,,,Resource -> Monitoring -> Diagnostic settings,,,
Azure,Azure Resource Logs,Microsoft.ZeroTrustSegmentation/segmentationManagers,Request,,,Not available in the Azure portal – use Azure CLI / ARM / Azure Policy,,,
Azure,Azure Resource Logs,Microsoft.ZeroTrustSegmentation/segmentationManagers,ZTSJobStatus,,,Not available in the Azure portal – use Azure CLI / ARM / Azure Policy,,,
Azure,Azure Resource Logs,NGINX.NGINXPLUS/nginxDeployments,NginxLogs,,,Resource -> Monitoring -> Diagnostic settings,,,
Azure,Azure Resource Logs,NGINX.NGINXPLUS/nginxDeployments,NginxSecurityLogs,,,Resource -> Monitoring -> Diagnostic settings,,,
Azure,Azure Resource Logs,NGINX.NGINXPLUS/nginxDeployments,NginxUpstreamUpdateLogs,,,Resource -> Monitoring -> Diagnostic settings,,,
Azure,Azure Resource Logs,Oracle.Database/autonomousDatabases,Backup,,,Resource -> Monitoring -> Diagnostic settings,,,
Azure,Azure Resource Logs,Oracle.Database/autonomousDatabases,Creation,,,Resource -> Monitoring -> Diagnostic settings,,,
Azure,Azure Resource Logs,Oracle.Database/autonomousDatabases,Critical,,,Resource -> Monitoring -> Diagnostic settings,,,
Azure,Azure Resource Logs,Oracle.Database/autonomousDatabases,Delete,,,Resource -> Monitoring -> Diagnostic settings,,,
Azure,Azure Resource Logs,Oracle.Database/autonomousDatabases,Information,,,Resource -> Monitoring -> Diagnostic settings,,,
Azure,Azure Resource Logs,Oracle.Database/autonomousDatabases,Restore,,,Resource -> Monitoring -> Diagnostic settings,,,
Azure,Azure Resource Logs,Oracle.Database/autonomousDatabases,Update,,,Resource -> Monitoring -> Diagnostic settings,,,
Azure,Azure Resource Logs,Oracle.Database/cloudExadataInfrastructures,Creation,,,Resource -> Monitoring -> Diagnostic settings,,,
Azure,Azure Resource Logs,Oracle.Database/cloudExadataInfrastructures,Critical,,,Resource -> Monitoring -> Diagnostic settings,,,
Azure,Azure Resource Logs,Oracle.Database/cloudExadataInfrastructures,Delete,,,Resource -> Monitoring -> Diagnostic settings,,,
Azure,Azure Resource Logs,Oracle.Database/cloudExadataInfrastructures,Information,,,Resource -> Monitoring -> Diagnostic settings,,,
Azure,Azure Resource Logs,Oracle.Database/cloudExadataInfrastructures,Maintenance,,,Resource -> Monitoring -> Diagnostic settings,,,
Azure,Azure Resource Logs,Oracle.Database/cloudExadataInfrastructures,Update,,,Resource -> Monitoring -> Diagnostic settings,,,
Azure,Azure Resource Logs,Oracle.Database/cloudVmClusters,AddVm,,,Resource -> Monitoring -> Diagnostic settings,,,
Azure,Azure Resource Logs,Oracle.Database/cloudVmClusters,Backup,,,Resource -> Monitoring -> Diagnostic settings,,,
Azure,Azure Resource Logs,Oracle.Database/cloudVmClusters,Creation,,,Resource -> Monitoring -> Diagnostic settings,,,
Azure,Azure Resource Logs,Oracle.Database/cloudVmClusters,Critical,,,Resource -> Monitoring -> Diagnostic settings,,,
Azure,Azure Resource Logs,Oracle.Database/cloudVmClusters,Delete,,,Resource -> Monitoring -> Diagnostic settings,,,
Azure,Azure Resource Logs,Oracle.Database/cloudVmClusters,Health,,,Resource -> Monitoring -> Diagnostic settings,,,
Azure,Azure Resource Logs,Oracle.Database/cloudVmClusters,Information,,,Resource -> Monitoring -> Diagnostic settings,,,
Azure,Azure Resource Logs,Oracle.Database/cloudVmClusters,Restore,,,Resource -> Monitoring -> Diagnostic settings,,,
Azure,Azure Resource Logs,Oracle.Database/cloudVmClusters,TerminateVm,,,Resource -> Monitoring -> Diagnostic settings,,,
Azure,Azure Resource Logs,Oracle.Database/cloudVmClusters,Update,,,Resource -> Monitoring -> Diagnostic settings,,,
Azure,Azure Resource Logs,Oracle.Database/dbSystems,Backup,,,Resource -> Monitoring -> Diagnostic settings,,,
Azure,Azure Resource Logs,Oracle.Database/dbSystems,Creation,,,Resource -> Monitoring -> Diagnostic settings,,,
Azure,Azure Resource Logs,Oracle.Database/dbSystems,Critical,,,Resource -> Monitoring -> Diagnostic settings,,,
Azure,Azure Resource Logs,Oracle.Database/dbSystems,Delete,,,Resource -> Monitoring -> Diagnostic settings,,,
Azure,Azure Resource Logs,Oracle.Database/dbSystems,Health,,,Resource -> Monitoring -> Diagnostic settings,,,
Azure,Azure Resource Logs,Oracle.Database/dbSystems,Information,,,Resource -> Monitoring -> Diagnostic settings,,,
Azure,Azure Resource Logs,Oracle.Database/dbSystems,Restore,,,Resource -> Monitoring -> Diagnostic settings,,,
Azure,Azure Resource Logs,Oracle.Database/dbSystems,Update,,,Resource -> Monitoring -> Diagnostic settings,,,
Azure,Azure Resource Logs,Oracle.Database/exadbVmClusters,AddVm,,,Resource -> Monitoring -> Diagnostic settings,,,
Azure,Azure Resource Logs,Oracle.Database/exadbVmClusters,Creation,,,Resource -> Monitoring -> Diagnostic settings,,,
Azure,Azure Resource Logs,Oracle.Database/exadbVmClusters,Critical,,,Resource -> Monitoring -> Diagnostic settings,,,
Azure,Azure Resource Logs,Oracle.Database/exadbVmClusters,Delete,,,Resource -> Monitoring -> Diagnostic settings,,,
Azure,Azure Resource Logs,Oracle.Database/exadbVmClusters,Information,,,Resource -> Monitoring -> Diagnostic settings,,,
Azure,Azure Resource Logs,Oracle.Database/exadbVmClusters,Maintenance,,,Resource -> Monitoring -> Diagnostic settings,,,
Azure,Azure Resource Logs,Oracle.Database/exadbVmClusters,TerminateVm,,,Resource -> Monitoring -> Diagnostic settings,,,
Azure,Azure Resource Logs,Oracle.Database/exadbVmClusters,Update,,,Resource -> Monitoring -> Diagnostic settings,,,
Azure,Azure Resource Logs,Oracle.Database/exascaleDbStorageVaults,Creation,,,Resource -> Monitoring -> Diagnostic settings,,,
Azure,Azure Resource Logs,Oracle.Database/exascaleDbStorageVaults,Delete,,,Resource -> Monitoring -> Diagnostic settings,,,
Azure,Azure Resource Logs,Oracle.Database/exascaleDbStorageVaults,Update,,,Resource -> Monitoring -> Diagnostic settings,,,
Azure,Azure Resource Logs,Oracle.Database/goldenGateDeployments,Backup,,,Resource -> Monitoring -> Diagnostic settings,,,
Azure,Azure Resource Logs,Oracle.Database/goldenGateDeployments,Critical,,,Resource -> Monitoring -> Diagnostic settings,,,
Azure,Azure Resource Logs,Oracle.Database/goldenGateDeployments,Delete,,,Resource -> Monitoring -> Diagnostic settings,,,
Azure,Azure Resource Logs,Oracle.Database/goldenGateDeployments,Information,,,Resource -> Monitoring -> Diagnostic settings,,,
Azure,Azure Resource Logs,Oracle.Database/goldenGateDeployments,Maintenance,,,Resource -> Monitoring -> Diagnostic settings,,,
Azure,Azure Resource Logs,Oracle.Database/goldenGateDeployments,Update,,,Resource -> Monitoring -> Diagnostic settings,,,
